STNAME,CTYNAME,POPESTIMATE2017
Alabama,Autauga County,55504
Alabama,Baldwin County,212628
Alabama,Barbour County,25270
Alabama,Bibb County,22668
Alabama,Blount County,58013
Alabama,Bullock County,10309
Alabama,Butler County,19825
Alabama,Calhoun County,114728
Alabama,Chambers County,33713
Alabama,Cherokee County,25857
Alabama,Chilton County,44067
Alabama,Choctaw County,12945
Alabama,Clarke County,24083
Alabama,Clay County,13367
Alabama,Cleburne County,14900
Alabama,Coffee County,51874
Alabama,Colbert County,54500
Alabama,Conecuh County,12469
Alabama,Coosa County,10754
Alabama,Covington County,37092
Alabama,Crenshaw County,13871
Alabama,Cullman County,82755
Alabama,Dale County,49226
Alabama,Dallas County,39215
Alabama,DeKalb County,71617
Alabama,Elmore County,81677
Alabama,Escambia County,37447
Alabama,Etowah County,102755
Alabama,Fayette County,16468
Alabama,Franklin County,31495
Alabama,Geneva County,26421
Alabama,Greene County,8330
Alabama,Hale County,14812
Alabama,Henry County,17147
Alabama,Houston County,104346
Alabama,Jackson County,51909
Alabama,Jefferson County,659197
Alabama,Lamar County,13946
Alabama,Lauderdale County,92538
Alabama,Lawrence County,33049
Alabama,Lee County,161604
Alabama,Limestone County,94402
Alabama,Lowndes County,10076
Alabama,Macon County,18755
Alabama,Madison County,361046
Alabama,Marengo County,19375
Alabama,Marion County,29833
Alabama,Marshall County,95548
Alabama,Mobile County,413955
Alabama,Monroe County,21327
Alabama,Montgomery County,226646
Alabama,Morgan County,118818
Alabama,Perry County,9339
Alabama,Pickens County,20176
Alabama,Pike County,33267
Alabama,Randolph County,22670
Alabama,Russell County,57045
Alabama,St. Clair County,88199
Alabama,Shelby County,213605
Alabama,Sumter County,12687
Alabama,Talladega County,80065
Alabama,Tallapoosa County,40681
Alabama,Tuscaloosa County,207811
Alabama,Walker County,64058
Alabama,Washington County,16531
Alabama,Wilcox County,10719
Alabama,Winston County,23722
Alaska,Aleutians East Borough,3370
Alaska,Aleutians West Census Area,5763
Alaska,Anchorage Municipality,294356
Alaska,Bethel Census Area,18076
Alaska,Bristol Bay Borough,867
Alaska,Denali Borough,2074
Alaska,Dillingham Census Area,4932
Alaska,Fairbanks North Star Borough,99703
Alaska,Haines Borough,2526
Alaska,Hoonah-Angoon Census Area,2145
Alaska,Juneau City and Borough,32094
Alaska,Kenai Peninsula Borough,58617
Alaska,Ketchikan Gateway Borough,13856
Alaska,Kodiak Island Borough,13448
Alaska,Kusilvak Census Area,8202
Alaska,Lake and Peninsula Borough,1620
Alaska,Matanuska-Susitna Borough,106532
Alaska,Nome Census Area,9921
Alaska,North Slope Borough,9782
Alaska,Northwest Arctic Borough,7684
Alaska,Petersburg Borough,3281
Alaska,Prince of Wales-Hyder Census Area,6443
Alaska,Sitka City and Borough,8689
Alaska,Skagway Municipality,1157
Alaska,Southeast Fairbanks Census Area,6888
Alaska,Valdez-Cordova Census Area,9278
Alaska,Wrangell City and Borough,2521
Alaska,Yakutat City and Borough,605
Alaska,Yukon-Koyukuk Census Area,5365
Arizona,Apache County,71606
Arizona,Cochise County,124756
Arizona,Coconino County,140776
Arizona,Gila County,53501
Arizona,Graham County,37466
Arizona,Greenlee County,9455
Arizona,La Paz County,20601
Arizona,Maricopa County,4307033
Arizona,Mohave County,207200
Arizona,Navajo County,108956
Arizona,Pima County,1022769
Arizona,Pinal County,430237
Arizona,Santa Cruz County,46212
Arizona,Yavapai County,228168
Arizona,Yuma County,207534
Arkansas,Arkansas County,17967
Arkansas,Ashley County,20283
Arkansas,Baxter County,41355
Arkansas,Benton County,266300
Arkansas,Boone County,37381
Arkansas,Bradley County,10864
Arkansas,Calhoun County,5247
Arkansas,Carroll County,27944
Arkansas,Chicot County,10636
Arkansas,Clark County,22293
Arkansas,Clay County,14920
Arkansas,Cleburne County,25048
Arkansas,Cleveland County,8202
Arkansas,Columbia County,23627
Arkansas,Conway County,20916
Arkansas,Craighead County,107115
Arkansas,Crawford County,62996
Arkansas,Crittenden County,48750
Arkansas,Cross County,16863
Arkansas,Dallas County,7393
Arkansas,Desha County,11764
Arkansas,Drew County,18547
Arkansas,Faulkner County,123654
Arkansas,Franklin County,17890
Arkansas,Fulton County,12055
Arkansas,Garland County,98658
Arkansas,Grant County,18165
Arkansas,Greene County,45053
Arkansas,Hempstead County,21861
Arkansas,Hot Spring County,33574
Arkansas,Howard County,13478
Arkansas,Independence County,37504
Arkansas,Izard County,13686
Arkansas,Jackson County,17135
Arkansas,Jefferson County,69115
Arkansas,Johnson County,26552
Arkansas,Lafayette County,6862
Arkansas,Lawrence County,16525
Arkansas,Lee County,9176
Arkansas,Lincoln County,13646
Arkansas,Little River County,12359
Arkansas,Logan County,21722
Arkansas,Lonoke County,72898
Arkansas,Madison County,16339
Arkansas,Marion County,16428
Arkansas,Miller County,43984
Arkansas,Mississippi County,42159
Arkansas,Monroe County,7085
Arkansas,Montgomery County,8919
Arkansas,Nevada County,8327
Arkansas,Newton County,7828
Arkansas,Ouachita County,23868
Arkansas,Perry County,10348
Arkansas,Phillips County,18572
Arkansas,Pike County,10726
Arkansas,Poinsett County,24154
Arkansas,Polk County,20118
Arkansas,Pope County,63835
Arkansas,Prairie County,8248
Arkansas,Pulaski County,393956
Arkansas,Randolph County,17557
Arkansas,St. Francis County,25930
Arkansas,Saline County,119323
Arkansas,Scott County,10445
Arkansas,Searcy County,7938
Arkansas,Sebastian County,128107
Arkansas,Sevier County,17115
Arkansas,Sharp County,17393
Arkansas,Stone County,12537
Arkansas,Union County,39449
Arkansas,Van Buren County,16506
Arkansas,Washington County,231996
Arkansas,White County,79016
Arkansas,Woodruff County,6571
Arkansas,Yell County,21523
California,Alameda County,1663190
California,Alpine County,1120
California,Amador County,38626
California,Butte County,229294
California,Calaveras County,45670
California,Colusa County,21805
California,Contra Costa County,1147439
California,Del Norte County,27470
California,El Dorado County,188987
California,Fresno County,989255
California,Glenn County,28094
California,Humboldt County,136754
California,Imperial County,182830
California,Inyo County,18026
California,Kern County,893119
California,Kings County,150101
California,Lake County,64246
California,Lassen County,31163
California,Los Angeles County,10163507
California,Madera County,156890
California,Marin County,260955
California,Mariposa County,17569
California,Mendocino County,88018
California,Merced County,272673
California,Modoc County,8859
California,Mono County,14168
California,Monterey County,437907
California,Napa County,140973
California,Nevada County,99814
California,Orange County,3190400
California,Placer County,386166
California,Plumas County,18742
California,Riverside County,2423266
California,Sacramento County,1530615
California,San Benito County,60310
California,San Bernardino County,2157404
California,San Diego County,3337685
California,San Francisco County,884363
California,San Joaquin County,745424
California,San Luis Obispo County,283405
California,San Mateo County,771410
California,Santa Barbara County,448150
California,Santa Clara County,1938153
California,Santa Cruz County,275897
California,Shasta County,179921
California,Sierra County,2999
California,Siskiyou County,43853
California,Solano County,445458
California,Sonoma County,504217
California,Stanislaus County,547899
California,Sutter County,96648
California,Tehama County,63926
California,Trinity County,12709
California,Tulare County,464493
California,Tuolumne County,54248
California,Ventura County,854223
California,Yolo County,219116
California,Yuba County,77031
Colorado,Adams County,503167
Colorado,Alamosa County,16551
Colorado,Arapahoe County,643052
Colorado,Archuleta County,13315
Colorado,Baca County,3562
Colorado,Bent County,5938
Colorado,Boulder County,322514
Colorado,Broomfield County,68341
Colorado,Chaffee County,19638
Colorado,Cheyenne County,1845
Colorado,Clear Creek County,9574
Colorado,Conejos County,8184
Colorado,Costilla County,3776
Colorado,Crowley County,5810
Colorado,Custer County,4874
Colorado,Delta County,30568
Colorado,Denver County,704621
Colorado,Dolores County,2067
Colorado,Douglas County,335299
Colorado,Eagle County,54772
Colorado,Elbert County,25642
Colorado,El Paso County,699232
Colorado,Fremont County,47559
Colorado,Garfield County,59118
Colorado,Gilpin County,6013
Colorado,Grand County,15321
Colorado,Gunnison County,16939
Colorado,Hinsdale County,794
Colorado,Huerfano County,6662
Colorado,Jackson County,1385
Colorado,Jefferson County,574613
Colorado,Kiowa County,1376
Colorado,Kit Carson County,7158
Colorado,Lake County,7778
Colorado,La Plata County,55589
Colorado,Larimer County,343976
Colorado,Las Animas County,14238
Colorado,Lincoln County,5546
Colorado,Logan County,21896
Colorado,Mesa County,151616
Colorado,Mineral County,766
Colorado,Moffat County,13131
Colorado,Montezuma County,26140
Colorado,Montrose County,41784
Colorado,Morgan County,28192
Colorado,Otero County,18326
Colorado,Ouray County,4794
Colorado,Park County,17905
Colorado,Phillips County,4292
Colorado,Pitkin County,17890
Colorado,Prowers County,12070
Colorado,Pueblo County,166475
Colorado,Rio Blanco County,6420
Colorado,Rio Grande County,11301
Colorado,Routt County,25220
Colorado,Saguache County,6626
Colorado,San Juan County,715
Colorado,San Miguel County,7967
Colorado,Sedgwick County,2344
Colorado,Summit County,30585
Colorado,Teller County,24646
Colorado,Washington County,4938
Colorado,Weld County,304633
Colorado,Yuma County,10075
Connecticut,Fairfield County,949921
Connecticut,Hartford County,895388
Connecticut,Litchfield County,182177
Connecticut,Middlesex County,163410
Connecticut,New Haven County,860435
Connecticut,New London County,269033
Connecticut,Tolland County,151461
Connecticut,Windham County,116359
Delaware,Kent County,176824
Delaware,New Castle County,559793
Delaware,Sussex County,225322
District of Columbia,District of Columbia,693972
Florida,Alachua County,266944
Florida,Baker County,28283
Florida,Bay County,183563
Florida,Bradford County,27038
Florida,Brevard County,589162
Florida,Broward County,1935878
Florida,Calhoun County,14483
Florida,Charlotte County,182033
Florida,Citrus County,145647
Florida,Clay County,212230
Florida,Collier County,372880
Florida,Columbia County,69612
Florida,DeSoto County,36862
Florida,Dixie County,16673
Florida,Duval County,937934
Florida,Escambia County,313512
Florida,Flagler County,110510
Florida,Franklin County,11727
Florida,Gadsden County,46071
Florida,Gilchrist County,17743
Florida,Glades County,13754
Florida,Gulf County,16160
Florida,Hamilton County,14184
Florida,Hardee County,27411
Florida,Hendry County,40347
Florida,Hernando County,186553
Florida,Highlands County,102883
Florida,Hillsborough County,1408566
Florida,Holmes County,19558
Florida,Indian River County,154383
Florida,Jackson County,48330
Florida,Jefferson County,14144
Florida,Lafayette County,8451
Florida,Lake County,346017
Florida,Lee County,739224
Florida,Leon County,290292
Florida,Levy County,40355
Florida,Liberty County,8242
Florida,Madison County,18449
Florida,Manatee County,385571
Florida,Marion County,354353
Florida,Martin County,159923
Florida,Miami-Dade County,2751796
Florida,Monroe County,77013
Florida,Nassau County,82721
Florida,Okaloosa County,202970
Florida,Okeechobee County,41605
Florida,Orange County,1348975
Florida,Osceola County,352180
Florida,Palm Beach County,1471150
Florida,Pasco County,525643
Florida,Pinellas County,970637
Florida,Polk County,686483
Florida,Putnam County,73464
Florida,St. Johns County,243812
Florida,St. Lucie County,313506
Florida,Santa Rosa County,174272
Florida,Sarasota County,419119
Florida,Seminole County,462659
Florida,Sumter County,125165
Florida,Suwannee County,44190
Florida,Taylor County,21833
Florida,Union County,15517
Florida,Volusia County,538692
Florida,Wakulla County,32120
Florida,Walton County,68376
Florida,Washington County,24567
Georgia,Appling County,18521
Georgia,Atkinson County,8342
Georgia,Bacon County,11319
Georgia,Baker County,3200
Georgia,Baldwin County,44906
Georgia,Banks County,18634
Georgia,Barrow County,79061
Georgia,Bartow County,105054
Georgia,Ben Hill County,16996
Georgia,Berrien County,19186
Georgia,Bibb County,152862
Georgia,Bleckley County,12830
Georgia,Brantley County,18731
Georgia,Brooks County,15587
Georgia,Bryan County,37060
Georgia,Bulloch County,76149
Georgia,Burke County,22522
Georgia,Butts County,24059
Georgia,Calhoun County,6455
Georgia,Camden County,53044
Georgia,Candler County,10797
Georgia,Carroll County,117812
Georgia,Catoosa County,66550
Georgia,Charlton County,12715
Georgia,Chatham County,290501
Georgia,Chattahoochee County,10343
Georgia,Chattooga County,24770
Georgia,Cherokee County,247573
Georgia,Clarke County,127064
Georgia,Clay County,2962
Georgia,Clayton County,285153
Georgia,Clinch County,6727
Georgia,Cobb County,755754
Georgia,Coffee County,43014
Georgia,Colquitt County,45835
Georgia,Columbia County,151579
Georgia,Cook County,17277
Georgia,Coweta County,143114
Georgia,Crawford County,12295
Georgia,Crisp County,22736
Georgia,Dade County,16285
Georgia,Dawson County,24379
Georgia,Decatur County,26716
Georgia,DeKalb County,753253
Georgia,Dodge County,20730
Georgia,Dooly County,13737
Georgia,Dougherty County,89502
Georgia,Douglas County,143882
Georgia,Early County,10296
Georgia,Echols County,3936
Georgia,Effingham County,59982
Georgia,Elbert County,19109
Georgia,Emanuel County,22530
Georgia,Evans County,10775
Georgia,Fannin County,25322
Georgia,Fayette County,112549
Georgia,Floyd County,97613
Georgia,Forsyth County,227967
Georgia,Franklin County,22820
Georgia,Fulton County,1041423
Georgia,Gilmer County,30674
Georgia,Glascock County,3062
Georgia,Glynn County,85282
Georgia,Gordon County,57089
Georgia,Grady County,24819
Georgia,Greene County,17281
Georgia,Gwinnett County,920260
Georgia,Habersham County,44567
Georgia,Hall County,199335
Georgia,Hancock County,8561
Georgia,Haralson County,29256
Georgia,Harris County,33915
Georgia,Hart County,25794
Georgia,Heard County,11730
Georgia,Henry County,225813
Georgia,Houston County,153479
Georgia,Irwin County,9410
Georgia,Jackson County,67519
Georgia,Jasper County,13964
Georgia,Jeff Davis County,15025
Georgia,Jefferson County,15648
Georgia,Jenkins County,8767
Georgia,Johnson County,9788
Georgia,Jones County,28470
Georgia,Lamar County,18599
Georgia,Lanier County,10425
Georgia,Laurens County,47330
Georgia,Lee County,29470
Georgia,Liberty County,61386
Georgia,Lincoln County,7880
Georgia,Long County,19014
Georgia,Lowndes County,115489
Georgia,Lumpkin County,32873
Georgia,McDuffie County,21498
Georgia,McIntosh County,14106
Georgia,Macon County,13314
Georgia,Madison County,29302
Georgia,Marion County,8450
Georgia,Meriwether County,21049
Georgia,Miller County,5838
Georgia,Mitchell County,22292
Georgia,Monroe County,27113
Georgia,Montgomery County,9031
Georgia,Morgan County,18412
Georgia,Murray County,39782
Georgia,Muscogee County,194058
Georgia,Newton County,108078
Georgia,Oconee County,38028
Georgia,Oglethorpe County,14877
Georgia,Paulding County,159445
Georgia,Peach County,27099
Georgia,Pickens County,31588
Georgia,Pierce County,19307
Georgia,Pike County,18217
Georgia,Polk County,42085
Georgia,Pulaski County,11201
Georgia,Putnam County,21730
Georgia,Quitman County,2358
Georgia,Rabun County,16602
Georgia,Randolph County,7075
Georgia,Richmond County,201800
Georgia,Rockdale County,90312
Georgia,Schley County,5213
Georgia,Screven County,13953
Georgia,Seminole County,8292
Georgia,Spalding County,65380
Georgia,Stephens County,25890
Georgia,Stewart County,5985
Georgia,Sumter County,29847
Georgia,Talbot County,6249
Georgia,Taliaferro County,1628
Georgia,Tattnall County,25334
Georgia,Taylor County,8142
Georgia,Telfair County,15989
Georgia,Terrell County,8729
Georgia,Thomas County,44779
Georgia,Tift County,40598
Georgia,Toombs County,26999
Georgia,Towns County,11506
Georgia,Treutlen County,6740
Georgia,Troup County,69786
Georgia,Turner County,7961
Georgia,Twiggs County,8174
Georgia,Union County,23459
Georgia,Upson County,26135
Georgia,Walker County,68939
Georgia,Walton County,91600
Georgia,Ware County,35871
Georgia,Warren County,5303
Georgia,Washington County,20313
Georgia,Wayne County,29817
Georgia,Webster County,2605
Georgia,Wheeler County,7952
Georgia,White County,29453
Georgia,Whitfield County,104658
Georgia,Wilcox County,8800
Georgia,Wilkes County,9892
Georgia,Wilkinson County,8959
Georgia,Worth County,20533
Hawaii,Hawaii County,200381
Hawaii,Honolulu County,988650
Hawaii,Kalawao County,88
Hawaii,Kauai County,72159
Hawaii,Maui County,166260
Idaho,Ada County,456849
Idaho,Adams County,4147
Idaho,Bannock County,85269
Idaho,Bear Lake County,6028
Idaho,Benewah County,9184
Idaho,Bingham County,45927
Idaho,Blaine County,22024
Idaho,Boise County,7290
Idaho,Bonner County,43560
Idaho,Bonneville County,114595
Idaho,Boundary County,11922
Idaho,Butte County,2602
Idaho,Camas County,1102
Idaho,Canyon County,216699
Idaho,Caribou County,7034
Idaho,Cassia County,23664
Idaho,Clark County,873
Idaho,Clearwater County,8546
Idaho,Custer County,4172
Idaho,Elmore County,26823
Idaho,Franklin County,13564
Idaho,Fremont County,13094
Idaho,Gem County,17379
Idaho,Gooding County,15124
Idaho,Idaho County,16369
Idaho,Jefferson County,28446
Idaho,Jerome County,23627
Idaho,Kootenai County,157637
Idaho,Latah County,39333
Idaho,Lemhi County,7875
Idaho,Lewis County,3887
Idaho,Lincoln County,5318
Idaho,Madison County,39141
Idaho,Minidoka County,20729
Idaho,Nez Perce County,40385
Idaho,Oneida County,4427
Idaho,Owyhee County,11628
Idaho,Payette County,23215
Idaho,Power County,7600
Idaho,Shoshone County,12542
Idaho,Teton County,11381
Idaho,Twin Falls County,85124
Idaho,Valley County,10687
Idaho,Washington County,10121
Illinois,Adams County,66234
Illinois,Alexander County,6315
Illinois,Bond County,16948
Illinois,Boone County,53513
Illinois,Brown County,6716
Illinois,Bureau County,33243
Illinois,Calhoun County,4833
Illinois,Carroll County,14518
Illinois,Cass County,12505
Illinois,Champaign County,209399
Illinois,Christian County,33102
Illinois,Clark County,15767
Illinois,Clay County,13269
Illinois,Clinton County,37614
Illinois,Coles County,51979
Illinois,Cook County,5211263
Illinois,Crawford County,18961
Illinois,Cumberland County,10908
Illinois,DeKalb County,104733
Illinois,De Witt County,15942
Illinois,Douglas County,19748
Illinois,DuPage County,930128
Illinois,Edgar County,17328
Illinois,Edwards County,6486
Illinois,Effingham County,34132
Illinois,Fayette County,21784
Illinois,Ford County,13280
Illinois,Franklin County,39041
Illinois,Fulton County,35110
Illinois,Gallatin County,5080
Illinois,Greene County,13174
Illinois,Grundy County,50586
Illinois,Hamilton County,8194
Illinois,Hancock County,18020
Illinois,Hardin County,4046
Illinois,Henderson County,6795
Illinois,Henry County,49328
Illinois,Iroquois County,27876
Illinois,Jackson County,58284
Illinois,Jasper County,9578
Illinois,Jefferson County,38179
Illinois,Jersey County,21941
Illinois,Jo Daviess County,21594
Illinois,Johnson County,12900
Illinois,Kane County,534667
Illinois,Kankakee County,109605
Illinois,Kendall County,126218
Illinois,Knox County,50638
Illinois,Lake County,703520
Illinois,LaSalle County,110067
Illinois,Lawrence County,16168
Illinois,Lee County,34406
Illinois,Livingston County,36518
Illinois,Logan County,29245
Illinois,McDonough County,30823
Illinois,McHenry County,309122
Illinois,McLean County,172290
Illinois,Macon County,105801
Illinois,Macoupin County,45446
Illinois,Madison County,265428
Illinois,Marion County,37902
Illinois,Marshall County,11730
Illinois,Mason County,13715
Illinois,Massac County,14344
Illinois,Menard County,12245
Illinois,Mercer County,15618
Illinois,Monroe County,34097
Illinois,Montgomery County,28790
Illinois,Morgan County,33798
Illinois,Moultrie County,14688
Illinois,Ogle County,51063
Illinois,Peoria County,183011
Illinois,Perry County,21285
Illinois,Piatt County,16445
Illinois,Pike County,15821
Illinois,Pope County,4325
Illinois,Pulaski County,5509
Illinois,Putnam County,5727
Illinois,Randolph County,32423
Illinois,Richland County,15901
Illinois,Rock Island County,144808
Illinois,St. Clair County,262479
Illinois,Saline County,24102
Illinois,Sangamon County,196452
Illinois,Schuyler County,7035
Illinois,Scott County,5002
Illinois,Shelby County,21719
Illinois,Stark County,5434
Illinois,Stephenson County,45054
Illinois,Tazewell County,133526
Illinois,Union County,17000
Illinois,Vermilion County,77909
Illinois,Wabash County,11489
Illinois,Warren County,17167
Illinois,Washington County,14030
Illinois,Wayne County,16495
Illinois,White County,13938
Illinois,Whiteside County,56118
Illinois,Will County,692661
Illinois,Williamson County,67328
Illinois,Winnebago County,284778
Illinois,Woodford County,38726
Indiana,Adams County,35491
Indiana,Allen County,372877
Indiana,Bartholomew County,82040
Indiana,Benton County,8613
Indiana,Blackford County,11976
Indiana,Boone County,65875
Indiana,Brown County,15035
Indiana,Carroll County,20039
Indiana,Cass County,37994
Indiana,Clark County,116973
Indiana,Clay County,26198
Indiana,Clinton County,32317
Indiana,Crawford County,10566
Indiana,Daviess County,33113
Indiana,Dearborn County,49741
Indiana,Decatur County,26737
Indiana,DeKalb County,42836
Indiana,Delaware County,115184
Indiana,Dubois County,42558
Indiana,Elkhart County,205032
Indiana,Fayette County,23209
Indiana,Floyd County,77071
Indiana,Fountain County,16505
Indiana,Franklin County,22619
Indiana,Fulton County,20059
Indiana,Gibson County,33576
Indiana,Grant County,66491
Indiana,Greene County,32177
Indiana,Hamilton County,323747
Indiana,Hancock County,74985
Indiana,Harrison County,39898
Indiana,Hendricks County,163685
Indiana,Henry County,48476
Indiana,Howard County,82363
Indiana,Huntington County,36337
Indiana,Jackson County,43884
Indiana,Jasper County,33447
Indiana,Jay County,20945
Indiana,Jefferson County,32089
Indiana,Jennings County,27626
Indiana,Johnson County,153897
Indiana,Knox County,37508
Indiana,Kosciusko County,79206
Indiana,LaGrange County,39303
Indiana,Lake County,485640
Indiana,LaPorte County,110029
Indiana,Lawrence County,45666
Indiana,Madison County,129498
Indiana,Marion County,950082
Indiana,Marshall County,46498
Indiana,Martin County,10215
Indiana,Miami County,35845
Indiana,Monroe County,146986
Indiana,Montgomery County,38525
Indiana,Morgan County,69713
Indiana,Newton County,14130
Indiana,Noble County,47452
Indiana,Ohio County,5828
Indiana,Orange County,19426
Indiana,Owen County,20839
Indiana,Parke County,16886
Indiana,Perry County,19081
Indiana,Pike County,12365
Indiana,Porter County,168404
Indiana,Posey County,25595
Indiana,Pulaski County,12534
Indiana,Putnam County,37702
Indiana,Randolph County,24922
Indiana,Ripley County,28442
Indiana,Rush County,16645
Indiana,St. Joseph County,270434
Indiana,Scott County,23870
Indiana,Shelby County,44395
Indiana,Spencer County,20394
Indiana,Starke County,22893
Indiana,Steuben County,34484
Indiana,Sullivan County,20746
Indiana,Switzerland County,10696
Indiana,Tippecanoe County,190587
Indiana,Tipton County,15128
Indiana,Union County,7200
Indiana,Vanderburgh County,181616
Indiana,Vermillion County,15505
Indiana,Vigo County,107516
Indiana,Wabash County,31443
Indiana,Warren County,8201
Indiana,Warrick County,62530
Indiana,Washington County,27827
Indiana,Wayne County,66185
Indiana,Wells County,27984
Indiana,White County,24182
Indiana,Whitley County,33756
Iowa,Adair County,7054
Iowa,Adams County,3686
Iowa,Allamakee County,13884
Iowa,Appanoose County,12352
Iowa,Audubon County,5578
Iowa,Benton County,25642
Iowa,Black Hawk County,132648
Iowa,Boone County,26484
Iowa,Bremer County,24911
Iowa,Buchanan County,21202
Iowa,Buena Vista County,20110
Iowa,Butler County,14606
Iowa,Calhoun County,9746
Iowa,Carroll County,20320
Iowa,Cass County,13145
Iowa,Cedar County,18543
Iowa,Cerro Gordo County,43006
Iowa,Cherokee County,11316
Iowa,Chickasaw County,12005
Iowa,Clarke County,9374
Iowa,Clay County,16170
Iowa,Clayton County,17637
Iowa,Clinton County,47010
Iowa,Crawford County,17056
Iowa,Dallas County,87235
Iowa,Davis County,8966
Iowa,Decatur County,7950
Iowa,Delaware County,17153
Iowa,Des Moines County,39417
Iowa,Dickinson County,17199
Iowa,Dubuque County,97041
Iowa,Emmet County,9432
Iowa,Fayette County,19796
Iowa,Floyd County,15744
Iowa,Franklin County,10164
Iowa,Fremont County,6948
Iowa,Greene County,8981
Iowa,Grundy County,12333
Iowa,Guthrie County,10670
Iowa,Hamilton County,15115
Iowa,Hancock County,10771
Iowa,Hardin County,17048
Iowa,Harrison County,14136
Iowa,Henry County,19863
Iowa,Howard County,9228
Iowa,Humboldt County,9564
Iowa,Ida County,6865
Iowa,Iowa County,16103
Iowa,Jackson County,19366
Iowa,Jasper County,36966
Iowa,Jefferson County,18422
Iowa,Johnson County,149210
Iowa,Jones County,20536
Iowa,Keokuk County,10153
Iowa,Kossuth County,14999
Iowa,Lee County,34295
Iowa,Linn County,224115
Iowa,Louisa County,11184
Iowa,Lucas County,8534
Iowa,Lyon County,11792
Iowa,Madison County,16013
Iowa,Mahaska County,22235
Iowa,Marion County,33105
Iowa,Marshall County,40288
Iowa,Mills County,15068
Iowa,Mitchell County,10631
Iowa,Monona County,8740
Iowa,Monroe County,7845
Iowa,Montgomery County,10137
Iowa,Muscatine County,42880
Iowa,O'Brien County,13801
Iowa,Osceola County,6045
Iowa,Page County,15224
Iowa,Palo Alto County,9092
Iowa,Plymouth County,25220
Iowa,Pocahontas County,6846
Iowa,Polk County,481830
Iowa,Pottawattamie County,93386
Iowa,Poweshiek County,18314
Iowa,Ringgold County,5034
Iowa,Sac County,9817
Iowa,Scott County,172509
Iowa,Shelby County,11628
Iowa,Sioux County,34860
Iowa,Story County,97502
Iowa,Tama County,17058
Iowa,Taylor County,6178
Iowa,Union County,12450
Iowa,Van Buren County,7157
Iowa,Wapello County,35044
Iowa,Warren County,50163
Iowa,Washington County,22281
Iowa,Wayne County,6476
Iowa,Webster County,36605
Iowa,Winnebago County,10587
Iowa,Winneshiek County,20201
Iowa,Woodbury County,102429
Iowa,Worth County,7469
Iowa,Wright County,12784
Kansas,Allen County,12519
Kansas,Anderson County,7833
Kansas,Atchison County,16332
Kansas,Barber County,4586
Kansas,Barton County,26476
Kansas,Bourbon County,14754
Kansas,Brown County,9641
Kansas,Butler County,66878
Kansas,Chase County,2683
Kansas,Chautauqua County,3363
Kansas,Cherokee County,20115
Kansas,Cheyenne County,2683
Kansas,Clark County,2004
Kansas,Clay County,7958
Kansas,Cloud County,8991
Kansas,Coffey County,8224
Kansas,Comanche County,1790
Kansas,Cowley County,35361
Kansas,Crawford County,39034
Kansas,Decatur County,2885
Kansas,Dickinson County,18902
Kansas,Doniphan County,7727
Kansas,Douglas County,120793
Kansas,Edwards County,2893
Kansas,Elk County,2498
Kansas,Ellis County,28689
Kansas,Ellsworth County,6330
Kansas,Finney County,37084
Kansas,Ford County,34381
Kansas,Franklin County,25733
Kansas,Geary County,33855
Kansas,Gove County,2631
Kansas,Graham County,2495
Kansas,Grant County,7526
Kansas,Gray County,5958
Kansas,Greeley County,1249
Kansas,Greenwood County,6123
Kansas,Hamilton County,2640
Kansas,Harper County,5590
Kansas,Harvey County,34544
Kansas,Haskell County,4053
Kansas,Hodgeman County,1842
Kansas,Jackson County,13318
Kansas,Jefferson County,18998
Kansas,Jewell County,2850
Kansas,Johnson County,591178
Kansas,Kearny County,3960
Kansas,Kingman County,7360
Kansas,Kiowa County,2485
Kansas,Labette County,20145
Kansas,Lane County,1559
Kansas,Leavenworth County,81095
Kansas,Lincoln County,3043
Kansas,Linn County,9726
Kansas,Logan County,2821
Kansas,Lyon County,33392
Kansas,McPherson County,28708
Kansas,Marion County,11986
Kansas,Marshall County,9745
Kansas,Meade County,4303
Kansas,Miami County,33461
Kansas,Mitchell County,6128
Kansas,Montgomery County,32556
Kansas,Morris County,5455
Kansas,Morton County,2740
Kansas,Nemaha County,10118
Kansas,Neosho County,16015
Kansas,Ness County,2869
Kansas,Norton County,5441
Kansas,Osage County,15772
Kansas,Osborne County,3610
Kansas,Ottawa County,5863
Kansas,Pawnee County,6680
Kansas,Phillips County,5370
Kansas,Pottawatomie County,23908
Kansas,Pratt County,9547
Kansas,Rawlins County,2497
Kansas,Reno County,62510
Kansas,Republic County,4691
Kansas,Rice County,9660
Kansas,Riley County,74172
Kansas,Rooks County,5043
Kansas,Rush County,3103
Kansas,Russell County,6915
Kansas,Saline County,54734
Kansas,Scott County,4961
Kansas,Sedgwick County,513687
Kansas,Seward County,22159
Kansas,Shawnee County,178187
Kansas,Sheridan County,2527
Kansas,Sherman County,5930
Kansas,Smith County,3668
Kansas,Stafford County,4207
Kansas,Stanton County,2060
Kansas,Stevens County,5612
Kansas,Sumner County,23159
Kansas,Thomas County,7788
Kansas,Trego County,2884
Kansas,Wabaunsee County,6874
Kansas,Wallace County,1524
Kansas,Washington County,5485
Kansas,Wichita County,2125
Kansas,Wilson County,8675
Kansas,Woodson County,3147
Kansas,Wyandotte County,165288
Kentucky,Adair County,19485
Kentucky,Allen County,20933
Kentucky,Anderson County,22544
Kentucky,Ballard County,8039
Kentucky,Barren County,43801
Kentucky,Bath County,12378
Kentucky,Bell County,26894
Kentucky,Boone County,130728
Kentucky,Bourbon County,20029
Kentucky,Boyd County,47979
Kentucky,Boyle County,29924
Kentucky,Bracken County,8267
Kentucky,Breathitt County,12946
Kentucky,Breckinridge County,20111
Kentucky,Bullitt County,80246
Kentucky,Butler County,12831
Kentucky,Caldwell County,12639
Kentucky,Calloway County,38919
Kentucky,Campbell County,92488
Kentucky,Carlisle County,4846
Kentucky,Carroll County,10713
Kentucky,Carter County,27144
Kentucky,Casey County,15750
Kentucky,Christian County,70416
Kentucky,Clark County,36046
Kentucky,Clay County,20366
Kentucky,Clinton County,10276
Kentucky,Crittenden County,9084
Kentucky,Cumberland County,6706
Kentucky,Daviess County,100374
Kentucky,Edmonson County,12226
Kentucky,Elliott County,7523
Kentucky,Estill County,14277
Kentucky,Fayette County,321959
Kentucky,Fleming County,14446
Kentucky,Floyd County,36271
Kentucky,Franklin County,50485
Kentucky,Fulton County,6192
Kentucky,Gallatin County,8776
Kentucky,Garrard County,17523
Kentucky,Grant County,24984
Kentucky,Graves County,37121
Kentucky,Grayson County,26358
Kentucky,Green County,11065
Kentucky,Greenup County,35518
Kentucky,Hancock County,8801
Kentucky,Hardin County,108071
Kentucky,Harlan County,26713
Kentucky,Harrison County,18781
Kentucky,Hart County,18757
Kentucky,Henderson County,45928
Kentucky,Henry County,16006
Kentucky,Hickman County,4520
Kentucky,Hopkins County,45547
Kentucky,Jackson County,13431
Kentucky,Jefferson County,771158
Kentucky,Jessamine County,53375
Kentucky,Johnson County,22594
Kentucky,Kenton County,165399
Kentucky,Knott County,15291
Kentucky,Knox County,31227
Kentucky,Larue County,14205
Kentucky,Laurel County,60174
Kentucky,Lawrence County,15719
Kentucky,Lee County,6570
Kentucky,Leslie County,10334
Kentucky,Letcher County,22339
Kentucky,Lewis County,13339
Kentucky,Lincoln County,24456
Kentucky,Livingston County,9269
Kentucky,Logan County,27060
Kentucky,Lyon County,8082
Kentucky,McCracken County,65385
Kentucky,McCreary County,17465
Kentucky,McLean County,9201
Kentucky,Madison County,91226
Kentucky,Magoffin County,12538
Kentucky,Marion County,19395
Kentucky,Marshall County,31382
Kentucky,Martin County,11452
Kentucky,Mason County,17174
Kentucky,Meade County,28154
Kentucky,Menifee County,6455
Kentucky,Mercer County,21521
Kentucky,Metcalfe County,10107
Kentucky,Monroe County,10659
Kentucky,Montgomery County,27928
Kentucky,Morgan County,13188
Kentucky,Muhlenberg County,30816
Kentucky,Nelson County,45640
Kentucky,Nicholas County,7130
Kentucky,Ohio County,24182
Kentucky,Oldham County,66415
Kentucky,Owen County,10765
Kentucky,Owsley County,4435
Kentucky,Pendleton County,14573
Kentucky,Perry County,26553
Kentucky,Pike County,58883
Kentucky,Powell County,12374
Kentucky,Pulaski County,64449
Kentucky,Robertson County,2134
Kentucky,Rockcastle County,16698
Kentucky,Rowan County,24517
Kentucky,Russell County,17775
Kentucky,Scott County,54873
Kentucky,Shelby County,47421
Kentucky,Simpson County,18108
Kentucky,Spencer County,18507
Kentucky,Taylor County,25472
Kentucky,Todd County,12243
Kentucky,Trigg County,14444
Kentucky,Trimble County,8561
Kentucky,Union County,14668
Kentucky,Warren County,128845
Kentucky,Washington County,12126
Kentucky,Wayne County,20716
Kentucky,Webster County,13018
Kentucky,Whitley County,36214
Kentucky,Wolfe County,7264
Kentucky,Woodford County,26368
Louisiana,Acadia Parish,62590
Louisiana,Allen Parish,25621
Louisiana,Ascension Parish,122948
Louisiana,Assumption Parish,22526
Louisiana,Avoyelles Parish,40980
Louisiana,Beauregard Parish,36928
Louisiana,Bienville Parish,13638
Louisiana,Bossier Parish,127634
Louisiana,Caddo Parish,246581
Louisiana,Calcasieu Parish,202445
Louisiana,Caldwell Parish,9950
Louisiana,Cameron Parish,6912
Louisiana,Catahoula Parish,9875
Louisiana,Claiborne Parish,15969
Louisiana,Concordia Parish,19866
Louisiana,De Soto Parish,27340
Louisiana,East Baton Rouge Parish,446268
Louisiana,East Carroll Parish,7126
Louisiana,East Feliciana Parish,19412
Louisiana,Evangeline Parish,33708
Louisiana,Franklin Parish,20260
Louisiana,Grant Parish,22336
Louisiana,Iberia Parish,72176
Louisiana,Iberville Parish,33027
Louisiana,Jackson Parish,15846
Louisiana,Jefferson Parish,439036
Louisiana,Jefferson Davis Parish,31477
Louisiana,Lafayette Parish,242485
Louisiana,Lafourche Parish,98426
Louisiana,LaSalle Parish,14933
Louisiana,Lincoln Parish,47744
Louisiana,Livingston Parish,138228
Louisiana,Madison Parish,11316
Louisiana,Morehouse Parish,25641
Louisiana,Natchitoches Parish,39021
Louisiana,Orleans Parish,393292
Louisiana,Ouachita Parish,155874
Louisiana,Plaquemines Parish,23348
Louisiana,Pointe Coupee Parish,22268
Louisiana,Rapides Parish,131648
Louisiana,Red River Parish,8536
Louisiana,Richland Parish,20411
Louisiana,Sabine Parish,24018
Louisiana,St. Bernard Parish,46202
Louisiana,St. Charles Parish,52749
Louisiana,St. Helena Parish,10363
Louisiana,St. James Parish,21367
Louisiana,St. John the Baptist Parish,43441
Louisiana,St. Landry Parish,83497
Louisiana,St. Martin Parish,54171
Louisiana,St. Mary Parish,50973
Louisiana,St. Tammany Parish,256327
Louisiana,Tangipahoa Parish,132497
Louisiana,Tensas Parish,4615
Louisiana,Terrebonne Parish,112086
Louisiana,Union Parish,22571
Louisiana,Vermilion Parish,60136
Louisiana,Vernon Parish,50726
Louisiana,Washington Parish,46633
Louisiana,Webster Parish,39378
Louisiana,West Baton Rouge Parish,26265
Louisiana,West Carroll Parish,10981
Louisiana,West Feliciana Parish,15380
Louisiana,Winn Parish,14311
Maine,Androscoggin County,107651
Maine,Aroostook County,67653
Maine,Cumberland County,292500
Maine,Franklin County,29988
Maine,Hancock County,54497
Maine,Kennebec County,121821
Maine,Knox County,39790
Maine,Lincoln County,34204
Maine,Oxford County,57439
Maine,Penobscot County,151957
Maine,Piscataquis County,16773
Maine,Sagadahoc County,35392
Maine,Somerset County,50626
Maine,Waldo County,39832
Maine,Washington County,31593
Maine,York County,204191
Maryland,Allegany County,71615
Maryland,Anne Arundel County,573235
Maryland,Baltimore County,832468
Maryland,Calvert County,91502
Maryland,Caroline County,33193
Maryland,Carroll County,167781
Maryland,Cecil County,102746
Maryland,Charles County,159700
Maryland,Dorchester County,32162
Maryland,Frederick County,252022
Maryland,Garrett County,29233
Maryland,Harford County,252160
Maryland,Howard County,321113
Maryland,Kent County,19384
Maryland,Montgomery County,1058810
Maryland,Prince George's County,912756
Maryland,Queen Anne's County,49770
Maryland,St. Mary's County,112667
Maryland,Somerset County,25918
Maryland,Talbot County,37103
Maryland,Washington County,150578
Maryland,Wicomico County,102923
Maryland,Worcester County,51690
Maryland,Baltimore city,611648
Massachusetts,Barnstable County,213444
Massachusetts,Berkshire County,126313
Massachusetts,Bristol County,561483
Massachusetts,Dukes County,17325
Massachusetts,Essex County,785205
Massachusetts,Franklin County,70702
Massachusetts,Hampden County,469818
Massachusetts,Hampshire County,161834
Massachusetts,Middlesex County,1602947
Massachusetts,Nantucket County,11229
Massachusetts,Norfolk County,700322
Massachusetts,Plymouth County,515142
Massachusetts,Suffolk County,797939
Massachusetts,Worcester County,826116
Michigan,Alcona County,10351
Michigan,Alger County,9121
Michigan,Allegan County,116447
Michigan,Alpena County,28462
Michigan,Antrim County,23292
Michigan,Arenac County,15045
Michigan,Baraga County,8441
Michigan,Barry County,60586
Michigan,Bay County,104239
Michigan,Benzie County,17573
Michigan,Berrien County,154259
Michigan,Branch County,43410
Michigan,Calhoun County,134128
Michigan,Cass County,51381
Michigan,Charlevoix County,26139
Michigan,Cheboygan County,25369
Michigan,Chippewa County,37711
Michigan,Clare County,30653
Michigan,Clinton County,78443
Michigan,Crawford County,13907
Michigan,Delta County,35965
Michigan,Dickinson County,25415
Michigan,Eaton County,109027
Michigan,Emmet County,33193
Michigan,Genesee County,407385
Michigan,Gladwin County,25234
Michigan,Gogebic County,15342
Michigan,Grand Traverse County,91807
Michigan,Gratiot County,41018
Michigan,Hillsdale County,45879
Michigan,Houghton County,36305
Michigan,Huron County,31280
Michigan,Ingham County,290186
Michigan,Ionia County,64291
Michigan,Iosco County,25162
Michigan,Iron County,11124
Michigan,Isabella County,71063
Michigan,Jackson County,158640
Michigan,Kalamazoo County,262985
Michigan,Kalkaska County,17634
Michigan,Kent County,648594
Michigan,Keweenaw County,2105
Michigan,Lake County,12013
Michigan,Lapeer County,88174
Michigan,Leelanau County,21657
Michigan,Lenawee County,98623
Michigan,Livingston County,189651
Michigan,Luce County,6358
Michigan,Mackinac County,10712
Michigan,Macomb County,871375
Michigan,Manistee County,24427
Michigan,Marquette County,66502
Michigan,Mason County,29073
Michigan,Mecosta County,43391
Michigan,Menominee County,23046
Michigan,Midland County,83411
Michigan,Missaukee County,14998
Michigan,Monroe County,149649
Michigan,Montcalm County,63550
Michigan,Montmorency County,9250
Michigan,Muskegon County,173693
Michigan,Newaygo County,48242
Michigan,Oakland County,1250836
Michigan,Oceana County,26442
Michigan,Ogemaw County,20981
Michigan,Ontonagon County,5881
Michigan,Osceola County,23260
Michigan,Oscoda County,8287
Michigan,Otsego County,24538
Michigan,Ottawa County,286383
Michigan,Presque Isle County,12791
Michigan,Roscommon County,23895
Michigan,Saginaw County,191934
Michigan,St. Clair County,159350
Michigan,St. Joseph County,60947
Michigan,Sanilac County,41269
Michigan,Schoolcraft County,8049
Michigan,Shiawassee County,68446
Michigan,Tuscola County,52764
Michigan,Van Buren County,75353
Michigan,Washtenaw County,367627
Michigan,Wayne County,1753616
Michigan,Wexford County,33276
Minnesota,Aitkin County,15829
Minnesota,Anoka County,351373
Minnesota,Becker County,34098
Minnesota,Beltrami County,46513
Minnesota,Benton County,39937
Minnesota,Big Stone County,5026
Minnesota,Blue Earth County,66973
Minnesota,Brown County,25194
Minnesota,Carlton County,35498
Minnesota,Carver County,102119
Minnesota,Cass County,29355
Minnesota,Chippewa County,11980
Minnesota,Chisago County,55308
Minnesota,Clay County,63569
Minnesota,Clearwater County,8878
Minnesota,Cook County,5398
Minnesota,Cottonwood County,11295
Minnesota,Crow Wing County,64424
Minnesota,Dakota County,421751
Minnesota,Dodge County,20762
Minnesota,Douglas County,37575
Minnesota,Faribault County,13784
Minnesota,Fillmore County,20980
Minnesota,Freeborn County,30535
Minnesota,Goodhue County,46304
Minnesota,Grant County,5941
Minnesota,Hennepin County,1252024
Minnesota,Houston County,18660
Minnesota,Hubbard County,21018
Minnesota,Isanti County,39582
Minnesota,Itasca County,45137
Minnesota,Jackson County,9946
Minnesota,Kanabec County,16024
Minnesota,Kandiyohi County,42743
Minnesota,Kittson County,4250
Minnesota,Koochiching County,12528
Minnesota,Lac qui Parle County,6685
Minnesota,Lake County,10524
Minnesota,Lake of the Woods County,3744
Minnesota,Le Sueur County,28111
Minnesota,Lincoln County,5678
Minnesota,Lyon County,25831
Minnesota,McLeod County,35884
Minnesota,Mahnomen County,5596
Minnesota,Marshall County,9356
Minnesota,Martin County,19850
Minnesota,Meeker County,23131
Minnesota,Mille Lacs County,25872
Minnesota,Morrison County,33064
Minnesota,Mower County,39566
Minnesota,Murray County,8346
Minnesota,Nicollet County,33966
Minnesota,Nobles County,21944
Minnesota,Norman County,6597
Minnesota,Olmsted County,154930
Minnesota,Otter Tail County,58345
Minnesota,Pennington County,14238
Minnesota,Pine County,29203
Minnesota,Pipestone County,9087
Minnesota,Polk County,31619
Minnesota,Pope County,10970
Minnesota,Ramsey County,547974
Minnesota,Red Lake County,4030
Minnesota,Redwood County,15272
Minnesota,Renville County,14645
Minnesota,Rice County,65968
Minnesota,Rock County,9490
Minnesota,Roseau County,15327
Minnesota,St. Louis County,200000
Minnesota,Scott County,145827
Minnesota,Sherburne County,94570
Minnesota,Sibley County,14869
Minnesota,Stearns County,157822
Minnesota,Steele County,36887
Minnesota,Stevens County,9634
Minnesota,Swift County,9407
Minnesota,Todd County,24515
Minnesota,Traverse County,3319
Minnesota,Wabasha County,21608
Minnesota,Wadena County,13669
Minnesota,Waseca County,18787
Minnesota,Washington County,256348
Minnesota,Watonwan County,10840
Minnesota,Wilkin County,6324
Minnesota,Winona County,50873
Minnesota,Wright County,134286
Minnesota,Yellow Medicine County,9867
Mississippi,Adams County,31003
Mississippi,Alcorn County,37210
Mississippi,Amite County,12447
Mississippi,Attala County,18477
Mississippi,Benton County,8312
Mississippi,Bolivar County,31945
Mississippi,Calhoun County,14492
Mississippi,Carroll County,10139
Mississippi,Chickasaw County,17146
Mississippi,Choctaw County,8278
Mississippi,Claiborne County,8950
Mississippi,Clarke County,15828
Mississippi,Clay County,19640
Mississippi,Coahoma County,23154
Mississippi,Copiah County,28516
Mississippi,Covington County,19079
Mississippi,DeSoto County,178751
Mississippi,Forrest County,75471
Mississippi,Franklin County,7765
Mississippi,George County,24094
Mississippi,Greene County,13345
Mississippi,Grenada County,21087
Mississippi,Hancock County,47053
Mississippi,Harrison County,205027
Mississippi,Hinds County,239497
Mississippi,Holmes County,17739
Mississippi,Humphreys County,8342
Mississippi,Issaquena County,1339
Mississippi,Itawamba County,23508
Mississippi,Jackson County,142152
Mississippi,Jasper County,16582
Mississippi,Jefferson County,7262
Mississippi,Jefferson Davis County,11314
Mississippi,Jones County,67930
Mississippi,Kemper County,9883
Mississippi,Lafayette County,54374
Mississippi,Lamar County,61374
Mississippi,Lauderdale County,76155
Mississippi,Lawrence County,12643
Mississippi,Leake County,22715
Mississippi,Lee County,84933
Mississippi,Leflore County,29223
Mississippi,Lincoln County,34347
Mississippi,Lowndes County,59186
Mississippi,Madison County,104618
Mississippi,Marion County,25069
Mississippi,Marshall County,35619
Mississippi,Monroe County,35872
Mississippi,Montgomery County,10173
Mississippi,Neshoba County,29369
Mississippi,Newton County,21185
Mississippi,Noxubee County,10742
Mississippi,Oktibbeha County,49799
Mississippi,Panola County,33994
Mississippi,Pearl River County,55270
Mississippi,Perry County,12032
Mississippi,Pike County,39468
Mississippi,Pontotoc County,31640
Mississippi,Prentiss County,25261
Mississippi,Quitman County,7269
Mississippi,Rankin County,152080
Mississippi,Scott County,28420
Mississippi,Sharkey County,4435
Mississippi,Simpson County,26947
Mississippi,Smith County,16078
Mississippi,Stone County,18112
Mississippi,Sunflower County,25981
Mississippi,Tallahatchie County,14125
Mississippi,Tate County,28441
Mississippi,Tippah County,21969
Mississippi,Tishomingo County,19542
Mississippi,Tunica County,10024
Mississippi,Union County,28556
Mississippi,Walthall County,14499
Mississippi,Warren County,46768
Mississippi,Washington County,46221
Mississippi,Wayne County,20446
Mississippi,Webster County,9765
Mississippi,Wilkinson County,8804
Mississippi,Winston County,18246
Mississippi,Yalobusha County,12497
Mississippi,Yazoo County,27057
Missouri,Adair County,25377
Missouri,Andrew County,17555
Missouri,Atchison County,5275
Missouri,Audrain County,25641
Missouri,Barry County,35668
Missouri,Barton County,11850
Missouri,Bates County,16334
Missouri,Benton County,19074
Missouri,Bollinger County,12306
Missouri,Boone County,178271
Missouri,Buchanan County,89065
Missouri,Butler County,42666
Missouri,Caldwell County,9100
Missouri,Callaway County,45032
Missouri,Camden County,45632
Missouri,Cape Girardeau County,78161
Missouri,Carroll County,8796
Missouri,Carter County,6169
Missouri,Cass County,103724
Missouri,Cedar County,14073
Missouri,Chariton County,7480
Missouri,Christian County,85432
Missouri,Clark County,6723
Missouri,Clay County,242874
Missouri,Clinton County,20554
Missouri,Cole County,76708
Missouri,Cooper County,17644
Missouri,Crawford County,24102
Missouri,Dade County,7588
Missouri,Dallas County,16673
Missouri,Daviess County,8361
Missouri,DeKalb County,12588
Missouri,Dent County,15480
Missouri,Douglas County,13300
Missouri,Dunklin County,30119
Missouri,Franklin County,103330
Missouri,Gasconade County,14726
Missouri,Gentry County,6665
Missouri,Greene County,289805
Missouri,Grundy County,9949
Missouri,Harrison County,8524
Missouri,Henry County,21718
Missouri,Hickory County,9475
Missouri,Holt County,4413
Missouri,Howard County,10139
Missouri,Howell County,40103
Missouri,Iron County,10226
Missouri,Jackson County,698895
Missouri,Jasper County,120217
Missouri,Jefferson County,223810
Missouri,Johnson County,53897
Missouri,Knox County,3977
Missouri,Laclede County,35443
Missouri,Lafayette County,32641
Missouri,Lawrence County,38434
Missouri,Lewis County,9967
Missouri,Lincoln County,56183
Missouri,Linn County,12194
Missouri,Livingston County,15173
Missouri,McDonald County,22828
Missouri,Macon County,15251
Missouri,Madison County,12243
Missouri,Maries County,8867
Missouri,Marion County,28634
Missouri,Mercer County,3678
Missouri,Miller County,25228
Missouri,Mississippi County,13586
Missouri,Moniteau County,16063
Missouri,Monroe County,8612
Missouri,Montgomery County,11438
Missouri,Morgan County,20145
Missouri,New Madrid County,17582
Missouri,Newton County,58290
Missouri,Nodaway County,22472
Missouri,Oregon County,10558
Missouri,Osage County,13662
Missouri,Ozark County,9186
Missouri,Pemiscot County,16826
Missouri,Perry County,19225
Missouri,Pettis County,42558
Missouri,Phelps County,44744
Missouri,Pike County,18567
Missouri,Platte County,101187
Missouri,Polk County,31794
Missouri,Pulaski County,52059
Missouri,Putnam County,4811
Missouri,Ralls County,10224
Missouri,Randolph County,24945
Missouri,Ray County,22855
Missouri,Reynolds County,6275
Missouri,Ripley County,13564
Missouri,St. Charles County,395504
Missouri,St. Clair County,9362
Missouri,Ste. Genevieve County,17843
Missouri,St. Francois County,66705
Missouri,St. Louis County,996726
Missouri,Saline County,22660
Missouri,Schuyler County,4508
Missouri,Scotland County,4963
Missouri,Scott County,38541
Missouri,Shannon County,8249
Missouri,Shelby County,6021
Missouri,Stoddard County,29369
Missouri,Stone County,31699
Missouri,Sullivan County,6229
Missouri,Taney County,55355
Missouri,Texas County,25735
Missouri,Vernon County,20437
Missouri,Warren County,34373
Missouri,Washington County,25022
Missouri,Wayne County,13296
Missouri,Webster County,38665
Missouri,Worth County,2057
Missouri,Wright County,18331
Missouri,St. Louis city,308626
Montana,Beaverhead County,9434
Montana,Big Horn County,13360
Montana,Blaine County,6708
Montana,Broadwater County,5936
Montana,Carbon County,10696
Montana,Carter County,1222
Montana,Cascade County,81654
Montana,Chouteau County,5765
Montana,Custer County,11721
Montana,Daniels County,1737
Montana,Dawson County,8950
Montana,Deer Lodge County,9106
Montana,Fallon County,3009
Montana,Fergus County,11291
Montana,Flathead County,100000
Montana,Gallatin County,107810
Montana,Garfield County,1293
Montana,Glacier County,13640
Montana,Golden Valley County,822
Montana,Granite County,3358
Montana,Hill County,16463
Montana,Jefferson County,11891
Montana,Judith Basin County,1961
Montana,Lake County,30273
Montana,Lewis and Clark County,67773
Montana,Liberty County,2427
Montana,Lincoln County,19440
Montana,McCone County,1718
Montana,Madison County,8175
Montana,Meagher County,1851
Montana,Mineral County,4255
Montana,Missoula County,117441
Montana,Musselshell County,4639
Montana,Park County,16353
Montana,Petroleum County,523
Montana,Phillips County,4119
Montana,Pondera County,5960
Montana,Powder River County,1752
Montana,Powell County,6795
Montana,Prairie County,1109
Montana,Ravalli County,42563
Montana,Richland County,11039
Montana,Roosevelt County,11098
Montana,Rosebud County,9248
Montana,Sanders County,11711
Montana,Sheridan County,3469
Montana,Silver Bow County,34602
Montana,Stillwater County,9419
Montana,Sweet Grass County,3691
Montana,Teton County,6085
Montana,Toole County,4886
Montana,Treasure County,679
Montana,Valley County,7433
Montana,Wheatland County,2140
Montana,Wibaux County,1020
Montana,Yellowstone County,158980
Nebraska,Adams County,31678
Nebraska,Antelope County,6362
Nebraska,Arthur County,457
Nebraska,Banner County,742
Nebraska,Blaine County,482
Nebraska,Boone County,5352
Nebraska,Box Butte County,10886
Nebraska,Boyd County,1977
Nebraska,Brown County,3014
Nebraska,Buffalo County,49732
Nebraska,Burt County,6535
Nebraska,Butler County,8053
Nebraska,Cass County,25889
Nebraska,Cedar County,8530
Nebraska,Chase County,3971
Nebraska,Cherry County,5818
Nebraska,Cheyenne County,9676
Nebraska,Clay County,6205
Nebraska,Colfax County,10585
Nebraska,Cuming County,9042
Nebraska,Custer County,10897
Nebraska,Dakota County,20186
Nebraska,Dawes County,8890
Nebraska,Dawson County,23709
Nebraska,Deuel County,1883
Nebraska,Dixon County,5754
Nebraska,Dodge County,36707
Nebraska,Douglas County,561620
Nebraska,Dundy County,1801
Nebraska,Fillmore County,5582
Nebraska,Franklin County,2990
Nebraska,Frontier County,2631
Nebraska,Furnas County,4780
Nebraska,Gage County,21601
Nebraska,Garden County,1906
Nebraska,Garfield County,2016
Nebraska,Gosper County,2028
Nebraska,Grant County,649
Nebraska,Greeley County,2374
Nebraska,Hall County,61519
Nebraska,Hamilton County,9207
Nebraska,Harlan County,3443
Nebraska,Hayes County,893
Nebraska,Hitchcock County,2834
Nebraska,Holt County,10202
Nebraska,Hooker County,674
Nebraska,Howard County,6437
Nebraska,Jefferson County,7178
Nebraska,Johnson County,5185
Nebraska,Kearney County,6530
Nebraska,Keith County,8072
Nebraska,Keya Paha County,793
Nebraska,Kimball County,3619
Nebraska,Knox County,8472
Nebraska,Lancaster County,314358
Nebraska,Lincoln County,35280
Nebraska,Logan County,768
Nebraska,Loup County,609
Nebraska,McPherson County,499
Nebraska,Madison County,35144
Nebraska,Merrick County,7882
Nebraska,Morrill County,4836
Nebraska,Nance County,3607
Nebraska,Nemaha County,6949
Nebraska,Nuckolls County,4275
Nebraska,Otoe County,16027
Nebraska,Pawnee County,2641
Nebraska,Perkins County,2903
Nebraska,Phelps County,9060
Nebraska,Pierce County,7138
Nebraska,Platte County,33175
Nebraska,Polk County,5328
Nebraska,Red Willow County,10728
Nebraska,Richardson County,7969
Nebraska,Rock County,1436
Nebraska,Saline County,14441
Nebraska,Sarpy County,181439
Nebraska,Saunders County,21057
Nebraska,Scotts Bluff County,36363
Nebraska,Seward County,17161
Nebraska,Sheridan County,5289
Nebraska,Sherman County,3086
Nebraska,Sioux County,1203
Nebraska,Stanton County,5988
Nebraska,Thayer County,5045
Nebraska,Thomas County,725
Nebraska,Thurston County,7223
Nebraska,Valley County,4209
Nebraska,Washington County,20721
Nebraska,Wayne County,9318
Nebraska,Webster County,3524
Nebraska,Wheeler County,818
Nebraska,York County,13806
Nevada,Churchill County,24230
Nevada,Clark County,2204079
Nevada,Douglas County,48309
Nevada,Elko County,52649
Nevada,Esmeralda County,850
Nevada,Eureka County,1961
Nevada,Humboldt County,16826
Nevada,Lander County,5693
Nevada,Lincoln County,5223
Nevada,Lyon County,54122
Nevada,Mineral County,4457
Nevada,Nye County,44202
Nevada,Pershing County,6508
Nevada,Storey County,4006
Nevada,Washoe County,460587
Nevada,White Pine County,9592
Nevada,Carson City,54745
New Hampshire,Belknap County,60785
New Hampshire,Carroll County,48064
New Hampshire,Cheshire County,75960
New Hampshire,Coos County,31634
New Hampshire,Grafton County,89386
New Hampshire,Hillsborough County,409697
New Hampshire,Merrimack County,149216
New Hampshire,Rockingham County,306363
New Hampshire,Strafford County,128613
New Hampshire,Sullivan County,43077
New Jersey,Atlantic County,269918
New Jersey,Bergen County,948406
New Jersey,Burlington County,448596
New Jersey,Camden County,510719
New Jersey,Cape May County,93553
New Jersey,Cumberland County,152538
New Jersey,Essex County,808285
New Jersey,Gloucester County,292206
New Jersey,Hudson County,691643
New Jersey,Hunterdon County,125059
New Jersey,Mercer County,374733
New Jersey,Middlesex County,842798
New Jersey,Monmouth County,626351
New Jersey,Morris County,499693
New Jersey,Ocean County,597943
New Jersey,Passaic County,512607
New Jersey,Salem County,62792
New Jersey,Somerset County,335432
New Jersey,Sussex County,141682
New Jersey,Union County,563892
New Jersey,Warren County,106798
New Mexico,Bernalillo County,676773
New Mexico,Catron County,3587
New Mexico,Chaves County,64866
New Mexico,Cibola County,26853
New Mexico,Colfax County,12174
New Mexico,Curry County,49812
New Mexico,De Baca County,1829
New Mexico,Doa Ana County,215579
New Mexico,Eddy County,56997
New Mexico,Grant County,27687
New Mexico,Guadalupe County,4429
New Mexico,Harding County,692
New Mexico,Hidalgo County,4305
New Mexico,Lea County,68759
New Mexico,Lincoln County,19395
New Mexico,Los Alamos County,18738
New Mexico,Luna County,24078
New Mexico,McKinley County,72564
New Mexico,Mora County,4551
New Mexico,Otero County,65817
New Mexico,Quay County,8306
New Mexico,Rio Arriba County,39159
New Mexico,Roosevelt County,18847
New Mexico,Sandoval County,142507
New Mexico,San Juan County,126926
New Mexico,San Miguel County,27748
New Mexico,Santa Fe County,148750
New Mexico,Sierra County,11116
New Mexico,Socorro County,16798
New Mexico,Taos County,32795
New Mexico,Torrance County,15506
New Mexico,Union County,4187
New Mexico,Valencia County,75940
New York,Albany County,309612
New York,Allegany County,46894
New York,Bronx County,1471160
New York,Broome County,193639
New York,Cattaraugus County,77348
New York,Cayuga County,77603
New York,Chautauqua County,129046
New York,Chemung County,85557
New York,Chenango County,47863
New York,Clinton County,80980
New York,Columbia County,60604
New York,Cortland County,47786
New York,Delaware County,45001
New York,Dutchess County,295568
New York,Erie County,925528
New York,Essex County,37956
New York,Franklin County,51116
New York,Fulton County,53877
New York,Genesee County,57956
New York,Greene County,47470
New York,Hamilton County,4485
New York,Herkimer County,62240
New York,Jefferson County,114187
New York,Kings County,2648771
New York,Lewis County,26551
New York,Livingston County,63799
New York,Madison County,70965
New York,Monroe County,747642
New York,Montgomery County,49258
New York,Nassau County,1369514
New York,New York County,1664727
New York,Niagara County,211328
New York,Oneida County,231332
New York,Onondaga County,465398
New York,Ontario County,109899
New York,Orange County,382226
New York,Orleans County,40983
New York,Oswego County,118478
New York,Otsego County,60094
New York,Putnam County,99323
New York,Queens County,2358582
New York,Rensselaer County,159722
New York,Richmond County,479458
New York,Rockland County,328868
New York,St. Lawrence County,109623
New York,Saratoga County,229869
New York,Schenectady County,155565
New York,Schoharie County,31420
New York,Schuyler County,18000
New York,Seneca County,34498
New York,Steuben County,96281
New York,Suffolk County,1492953
New York,Sullivan County,75485
New York,Tioga County,48578
New York,Tompkins County,104802
New York,Ulster County,179417
New York,Warren County,64532
New York,Washington County,61620
New York,Wayne County,90670
New York,Westchester County,980244
New York,Wyoming County,40493
New York,Yates County,24955
North Carolina,Alamance County,162391
North Carolina,Alexander County,37286
North Carolina,Alleghany County,11031
North Carolina,Anson County,24991
North Carolina,Ashe County,26957
North Carolina,Avery County,17536
North Carolina,Beaufort County,47088
North Carolina,Bertie County,19224
North Carolina,Bladen County,33478
North Carolina,Brunswick County,130897
North Carolina,Buncombe County,257607
North Carolina,Burke County,89293
North Carolina,Cabarrus County,206872
North Carolina,Caldwell County,81981
North Carolina,Camden County,10581
North Carolina,Carteret County,68881
North Carolina,Caswell County,22646
North Carolina,Catawba County,157974
North Carolina,Chatham County,71472
North Carolina,Cherokee County,28087
North Carolina,Chowan County,14105
North Carolina,Clay County,11074
North Carolina,Cleveland County,97334
North Carolina,Columbus County,55936
North Carolina,Craven County,102578
North Carolina,Cumberland County,332546
North Carolina,Currituck County,26331
North Carolina,Dare County,36099
North Carolina,Davidson County,165466
North Carolina,Davie County,42456
North Carolina,Duplin County,59039
North Carolina,Durham County,311640
North Carolina,Edgecombe County,52747
North Carolina,Forsyth County,376320
North Carolina,Franklin County,66168
North Carolina,Gaston County,220182
North Carolina,Gates County,11544
North Carolina,Graham County,8541
North Carolina,Granville County,59557
North Carolina,Greene County,21015
North Carolina,Guilford County,526953
North Carolina,Halifax County,51310
North Carolina,Harnett County,132754
North Carolina,Haywood County,61084
North Carolina,Henderson County,115708
North Carolina,Hertford County,23906
North Carolina,Hoke County,54116
North Carolina,Hyde County,5363
North Carolina,Iredell County,175711
North Carolina,Jackson County,42973
North Carolina,Johnston County,196708
North Carolina,Jones County,9597
North Carolina,Lee County,60430
North Carolina,Lenoir County,56883
North Carolina,Lincoln County,82403
North Carolina,McDowell County,45159
North Carolina,Macon County,34732
North Carolina,Madison County,21746
North Carolina,Martin County,22789
North Carolina,Mecklenburg County,1076837
North Carolina,Mitchell County,15072
North Carolina,Montgomery County,27435
North Carolina,Moore County,97264
North Carolina,Nash County,93991
North Carolina,New Hanover County,227198
North Carolina,Northampton County,19862
North Carolina,Onslow County,193893
North Carolina,Orange County,144946
North Carolina,Pamlico County,12689
North Carolina,Pasquotank County,39743
North Carolina,Pender County,60958
North Carolina,Perquimans County,13474
North Carolina,Person County,39370
North Carolina,Pitt County,179042
North Carolina,Polk County,20558
North Carolina,Randolph County,143282
North Carolina,Richmond County,44798
North Carolina,Robeson County,132606
North Carolina,Rockingham County,90949
North Carolina,Rowan County,140644
North Carolina,Rutherford County,66551
North Carolina,Sampson County,63430
North Carolina,Scotland County,35093
North Carolina,Stanly County,61482
North Carolina,Stokes County,45717
North Carolina,Surry County,72224
North Carolina,Swain County,14294
North Carolina,Transylvania County,33956
North Carolina,Tyrrell County,4052
North Carolina,Union County,231366
North Carolina,Vance County,44211
North Carolina,Wake County,1072203
North Carolina,Warren County,19883
North Carolina,Washington County,12012
North Carolina,Watauga County,55121
North Carolina,Wayne County,124172
North Carolina,Wilkes County,68576
North Carolina,Wilson County,81671
North Carolina,Yadkin County,37774
North Carolina,Yancey County,17744
North Dakota,Adams County,2318
North Dakota,Barnes County,10734
North Dakota,Benson County,6936
North Dakota,Billings County,940
North Dakota,Bottineau County,6530
North Dakota,Bowman County,3166
North Dakota,Burke County,2131
North Dakota,Burleigh County,95030
North Dakota,Cass County,177787
North Dakota,Cavalier County,3762
North Dakota,Dickey County,4861
North Dakota,Divide County,2288
North Dakota,Dunn County,4289
North Dakota,Eddy County,2316
North Dakota,Emmons County,3301
North Dakota,Foster County,3257
North Dakota,Golden Valley County,1789
North Dakota,Grand Forks County,70795
North Dakota,Grant County,2376
North Dakota,Griggs County,2258
North Dakota,Hettinger County,2483
North Dakota,Kidder County,2482
North Dakota,LaMoure County,4087
North Dakota,Logan County,1918
North Dakota,McHenry County,5900
North Dakota,McIntosh County,2606
North Dakota,McKenzie County,12724
North Dakota,McLean County,9685
North Dakota,Mercer County,8465
North Dakota,Morton County,30796
North Dakota,Mountrail County,10265
North Dakota,Nelson County,2937
North Dakota,Oliver County,1940
North Dakota,Pembina County,6972
North Dakota,Pierce County,4099
North Dakota,Ramsey County,11519
North Dakota,Ransom County,5297
North Dakota,Renville County,2463
North Dakota,Richland County,16351
North Dakota,Rolette County,14531
North Dakota,Sargent County,3858
North Dakota,Sheridan County,1353
North Dakota,Sioux County,4376
North Dakota,Slope County,771
North Dakota,Stark County,30209
North Dakota,Steele County,1917
North Dakota,Stutsman County,21087
North Dakota,Towner County,2253
North Dakota,Traill County,8013
North Dakota,Walsh County,10855
North Dakota,Ward County,68946
North Dakota,Wells County,4022
North Dakota,Williams County,33349
Ohio,Adams County,27726
Ohio,Allen County,103198
Ohio,Ashland County,53628
Ohio,Ashtabula County,97807
Ohio,Athens County,66597
Ohio,Auglaize County,45778
Ohio,Belmont County,68029
Ohio,Brown County,43576
Ohio,Butler County,380604
Ohio,Carroll County,27385
Ohio,Champaign County,38840
Ohio,Clark County,134557
Ohio,Clermont County,204214
Ohio,Clinton County,42009
Ohio,Columbiana County,103077
Ohio,Coshocton County,36544
Ohio,Crawford County,41746
Ohio,Cuyahoga County,1248514
Ohio,Darke County,51536
Ohio,Defiance County,38156
Ohio,Delaware County,200464
Ohio,Erie County,74817
Ohio,Fairfield County,154733
Ohio,Fayette County,28752
Ohio,Franklin County,1291981
Ohio,Fulton County,42289
Ohio,Gallia County,29973
Ohio,Geauga County,93918
Ohio,Greene County,166752
Ohio,Guernsey County,39093
Ohio,Hamilton County,813822
Ohio,Hancock County,75754
Ohio,Hardin County,31364
Ohio,Harrison County,15216
Ohio,Henry County,27185
Ohio,Highland County,42971
Ohio,Hocking County,28474
Ohio,Holmes County,43957
Ohio,Huron County,58494
Ohio,Jackson County,32449
Ohio,Jefferson County,66359
Ohio,Knox County,61261
Ohio,Lake County,230117
Ohio,Lawrence County,60249
Ohio,Licking County,173448
Ohio,Logan County,45325
Ohio,Lorain County,307924
Ohio,Lucas County,430887
Ohio,Madison County,44036
Ohio,Mahoning County,229796
Ohio,Marion County,64967
Ohio,Medina County,178371
Ohio,Meigs County,23080
Ohio,Mercer County,40873
Ohio,Miami County,105122
Ohio,Monroe County,13946
Ohio,Montgomery County,531542
Ohio,Morgan County,14709
Ohio,Morrow County,34994
Ohio,Muskingum County,86149
Ohio,Noble County,14406
Ohio,Ottawa County,40657
Ohio,Paulding County,18845
Ohio,Perry County,36024
Ohio,Pickaway County,57830
Ohio,Pike County,28270
Ohio,Portage County,162277
Ohio,Preble County,41120
Ohio,Putnam County,33878
Ohio,Richland County,120589
Ohio,Ross County,77313
Ohio,Sandusky County,59195
Ohio,Scioto County,75929
Ohio,Seneca County,55243
Ohio,Shelby County,48759
Ohio,Stark County,372542
Ohio,Summit County,541228
Ohio,Trumbull County,200380
Ohio,Tuscarawas County,92297
Ohio,Union County,56741
Ohio,Van Wert County,28217
Ohio,Vinton County,13092
Ohio,Warren County,228882
Ohio,Washington County,60418
Ohio,Wayne County,116038
Ohio,Williams County,36784
Ohio,Wood County,130492
Ohio,Wyandot County,22029
Oklahoma,Adair County,21909
Oklahoma,Alfalfa County,5907
Oklahoma,Atoka County,13887
Oklahoma,Beaver County,5315
Oklahoma,Beckham County,21793
Oklahoma,Blaine County,9498
Oklahoma,Bryan County,46319
Oklahoma,Caddo County,29173
Oklahoma,Canadian County,139926
Oklahoma,Carter County,48190
Oklahoma,Cherokee County,48888
Oklahoma,Choctaw County,14863
Oklahoma,Cimarron County,2154
Oklahoma,Cleveland County,279641
Oklahoma,Coal County,5642
Oklahoma,Comanche County,121526
Oklahoma,Cotton County,5823
Oklahoma,Craig County,14327
Oklahoma,Creek County,71704
Oklahoma,Custer County,28800
Oklahoma,Delaware County,42602
Oklahoma,Dewey County,4878
Oklahoma,Ellis County,3966
Oklahoma,Garfield County,61581
Oklahoma,Garvin County,27909
Oklahoma,Grady County,54943
Oklahoma,Grant County,4395
Oklahoma,Greer County,5843
Oklahoma,Harmon County,2689
Oklahoma,Harper County,3808
Oklahoma,Haskell County,12763
Oklahoma,Hughes County,13302
Oklahoma,Jackson County,25125
Oklahoma,Jefferson County,6183
Oklahoma,Johnston County,11060
Oklahoma,Kay County,44544
Oklahoma,Kingfisher County,15669
Oklahoma,Kiowa County,8893
Oklahoma,Latimer County,10411
Oklahoma,Le Flore County,49731
Oklahoma,Lincoln County,35142
Oklahoma,Logan County,46784
Oklahoma,Love County,10034
Oklahoma,McClain County,39343
Oklahoma,McCurtain County,32808
Oklahoma,McIntosh County,19742
Oklahoma,Major County,7693
Oklahoma,Marshall County,16434
Oklahoma,Mayes County,40921
Oklahoma,Murray County,13853
Oklahoma,Muskogee County,69086
Oklahoma,Noble County,11277
Oklahoma,Nowata County,10306
Oklahoma,Okfuskee County,12140
Oklahoma,Oklahoma County,787958
Oklahoma,Okmulgee County,38930
Oklahoma,Osage County,47233
Oklahoma,Ottawa County,31312
Oklahoma,Pawnee County,16472
Oklahoma,Payne County,81575
Oklahoma,Pittsburg County,44184
Oklahoma,Pontotoc County,38224
Oklahoma,Pottawatomie County,72226
Oklahoma,Pushmataha County,11173
Oklahoma,Roger Mills County,3716
Oklahoma,Rogers County,91444
Oklahoma,Seminole County,24878
Oklahoma,Sequoyah County,41252
Oklahoma,Stephens County,43332
Oklahoma,Texas County,20900
Oklahoma,Tillman County,7433
Oklahoma,Tulsa County,646266
Oklahoma,Wagoner County,78657
Oklahoma,Washington County,51932
Oklahoma,Washita County,11134
Oklahoma,Woods County,9031
Oklahoma,Woodward County,20459
Oregon,Baker County,16054
Oregon,Benton County,90951
Oregon,Clackamas County,412672
Oregon,Clatsop County,39182
Oregon,Columbia County,51782
Oregon,Coos County,63888
Oregon,Crook County,23123
Oregon,Curry County,22669
Oregon,Deschutes County,186875
Oregon,Douglas County,109405
Oregon,Gilliam County,1855
Oregon,Grant County,7190
Oregon,Harney County,7289
Oregon,Hood River County,23377
Oregon,Jackson County,217479
Oregon,Jefferson County,23758
Oregon,Josephine County,86352
Oregon,Klamath County,66935
Oregon,Lake County,7863
Oregon,Lane County,374748
Oregon,Lincoln County,48920
Oregon,Linn County,125047
Oregon,Malheur County,30480
Oregon,Marion County,341286
Oregon,Morrow County,11166
Oregon,Multnomah County,807555
Oregon,Polk County,83696
Oregon,Sherman County,1758
Oregon,Tillamook County,26690
Oregon,Umatilla County,76985
Oregon,Union County,26222
Oregon,Wallowa County,7051
Oregon,Wasco County,26437
Oregon,Washington County,588957
Oregon,Wheeler County,1357
Oregon,Yamhill County,105722
Pennsylvania,Adams County,102336
Pennsylvania,Allegheny County,1223048
Pennsylvania,Armstrong County,65642
Pennsylvania,Beaver County,166140
Pennsylvania,Bedford County,48480
Pennsylvania,Berks County,417854
Pennsylvania,Blair County,123457
Pennsylvania,Bradford County,60853
Pennsylvania,Bucks County,628341
Pennsylvania,Butler County,187108
Pennsylvania,Cambria County,133054
Pennsylvania,Cameron County,4592
Pennsylvania,Carbon County,63853
Pennsylvania,Centre County,162660
Pennsylvania,Chester County,519293
Pennsylvania,Clarion County,38458
Pennsylvania,Clearfield County,79685
Pennsylvania,Clinton County,38998
Pennsylvania,Columbia County,65932
Pennsylvania,Crawford County,86159
Pennsylvania,Cumberland County,250066
Pennsylvania,Dauphin County,275710
Pennsylvania,Delaware County,564696
Pennsylvania,Elk County,30197
Pennsylvania,Erie County,274541
Pennsylvania,Fayette County,131504
Pennsylvania,Forest County,7297
Pennsylvania,Franklin County,154234
Pennsylvania,Fulton County,14590
Pennsylvania,Greene County,36770
Pennsylvania,Huntingdon County,45491
Pennsylvania,Indiana County,84953
Pennsylvania,Jefferson County,43804
Pennsylvania,Juniata County,24514
Pennsylvania,Lackawanna County,210761
Pennsylvania,Lancaster County,542903
Pennsylvania,Lawrence County,87069
Pennsylvania,Lebanon County,139754
Pennsylvania,Lehigh County,366494
Pennsylvania,Luzerne County,317343
Pennsylvania,Lycoming County,113841
Pennsylvania,McKean County,41330
Pennsylvania,Mercer County,111750
Pennsylvania,Mifflin County,46388
Pennsylvania,Monroe County,168046
Pennsylvania,Montgomery County,826075
Pennsylvania,Montour County,18272
Pennsylvania,Northampton County,303405
Pennsylvania,Northumberland County,92029
Pennsylvania,Perry County,46127
Pennsylvania,Philadelphia County,1580863
Pennsylvania,Pike County,55691
Pennsylvania,Potter County,16802
Pennsylvania,Schuylkill County,142569
Pennsylvania,Snyder County,40801
Pennsylvania,Somerset County,74501
Pennsylvania,Sullivan County,6089
Pennsylvania,Susquehanna County,40985
Pennsylvania,Tioga County,40793
Pennsylvania,Union County,44595
Pennsylvania,Venango County,51762
Pennsylvania,Warren County,39659
Pennsylvania,Washington County,207298
Pennsylvania,Wayne County,51205
Pennsylvania,Westmoreland County,352627
Pennsylvania,Wyoming County,27322
Pennsylvania,York County,446078
Rhode Island,Rhode Island,1059639
Rhode Island,Bristol County,48912
Rhode Island,Kent County,163760
Rhode Island,Newport County,83460
Rhode Island,Providence County,637357
Rhode Island,Washington County,126150
South Carolina,Abbeville County,24722
South Carolina,Aiken County,168179
South Carolina,Allendale County,9002
South Carolina,Anderson County,198759
South Carolina,Bamberg County,14381
South Carolina,Barnwell County,21345
South Carolina,Beaufort County,186844
South Carolina,Berkeley County,217937
South Carolina,Calhoun County,14704
South Carolina,Charleston County,401438
South Carolina,Cherokee County,57105
South Carolina,Chester County,32301
South Carolina,Chesterfield County,45948
South Carolina,Clarendon County,34057
South Carolina,Colleton County,37611
South Carolina,Darlington County,67265
South Carolina,Dillon County,30666
South Carolina,Dorchester County,156456
South Carolina,Edgefield County,26693
South Carolina,Fairfield County,22607
South Carolina,Florence County,138566
South Carolina,Georgetown County,61607
South Carolina,Greenville County,506837
South Carolina,Greenwood County,70355
South Carolina,Hampton County,19602
South Carolina,Horry County,333268
South Carolina,Jasper County,28458
South Carolina,Kershaw County,65036
South Carolina,Lancaster County,92550
South Carolina,Laurens County,66848
South Carolina,Lee County,17350
South Carolina,Lexington County,290642
South Carolina,McCormick County,9545
South Carolina,Marion County,31293
South Carolina,Marlboro County,26825
South Carolina,Newberry County,38488
South Carolina,Oconee County,77270
South Carolina,Orangeburg County,87476
South Carolina,Pickens County,123479
South Carolina,Richland County,411592
South Carolina,Saluda County,20452
South Carolina,Spartanburg County,306854
South Carolina,Sumter County,106847
South Carolina,Union County,27537
South Carolina,Williamsburg County,31133
South Carolina,York County,266439
South Dakota,Aurora County,2738
South Dakota,Beadle County,18157
South Dakota,Bennett County,3454
South Dakota,Bon Homme County,6984
South Dakota,Brookings County,34255
South Dakota,Brown County,39178
South Dakota,Brule County,5312
South Dakota,Buffalo County,1999
South Dakota,Butte County,10107
South Dakota,Campbell County,1379
South Dakota,Charles Mix County,9428
South Dakota,Clark County,3668
South Dakota,Clay County,13990
South Dakota,Codington County,28099
South Dakota,Corson County,4203
South Dakota,Custer County,8691
South Dakota,Davison County,19704
South Dakota,Day County,5521
South Dakota,Deuel County,4281
South Dakota,Dewey County,5835
South Dakota,Douglas County,2931
South Dakota,Edmunds County,3919
South Dakota,Fall River County,6687
South Dakota,Faulk County,2329
South Dakota,Grant County,7061
South Dakota,Gregory County,4226
South Dakota,Haakon County,1943
South Dakota,Hamlin County,5948
South Dakota,Hand County,3277
South Dakota,Hanson County,3423
South Dakota,Harding County,1242
South Dakota,Hughes County,17666
South Dakota,Hutchinson County,7358
South Dakota,Hyde County,1318
South Dakota,Jackson County,3289
South Dakota,Jerauld County,2028
South Dakota,Jones County,936
South Dakota,Kingsbury County,4952
South Dakota,Lake County,12809
South Dakota,Lawrence County,25429
South Dakota,Lincoln County,56664
South Dakota,Lyman County,3904
South Dakota,McCook County,5499
South Dakota,McPherson County,2426
South Dakota,Marshall County,4804
South Dakota,Meade County,28018
South Dakota,Mellette County,2088
South Dakota,Miner County,2228
South Dakota,Minnehaha County,188616
South Dakota,Moody County,6579
South Dakota,Oglala Lakota County,14354
South Dakota,Pennington County,110141
South Dakota,Perkins County,2974
South Dakota,Potter County,2231
South Dakota,Roberts County,10278
South Dakota,Sanborn County,2450
South Dakota,Spink County,6410
South Dakota,Stanley County,3011
South Dakota,Sully County,1407
South Dakota,Todd County,10065
South Dakota,Tripp County,5460
South Dakota,Turner County,8315
South Dakota,Union County,15029
South Dakota,Walworth County,5543
South Dakota,Yankton County,22662
South Dakota,Ziebach County,2756
Tennessee,Anderson County,76257
Tennessee,Bedford County,48117
Tennessee,Benton County,15986
Tennessee,Bledsoe County,14717
Tennessee,Blount County,129929
Tennessee,Bradley County,105560
Tennessee,Campbell County,39648
Tennessee,Cannon County,14216
Tennessee,Carroll County,27860
Tennessee,Carter County,56488
Tennessee,Cheatham County,40330
Tennessee,Chester County,17119
Tennessee,Claiborne County,31609
Tennessee,Clay County,7703
Tennessee,Cocke County,35556
Tennessee,Coffee County,55034
Tennessee,Crockett County,14473
Tennessee,Cumberland County,59078
Tennessee,Davidson County,691243
Tennessee,Decatur County,11751
Tennessee,DeKalb County,19852
Tennessee,Dickson County,52853
Tennessee,Dyer County,37463
Tennessee,Fayette County,40036
Tennessee,Fentress County,18136
Tennessee,Franklin County,41652
Tennessee,Gibson County,49111
Tennessee,Giles County,29401
Tennessee,Grainger County,23144
Tennessee,Greene County,68808
Tennessee,Grundy County,13361
Tennessee,Hamblen County,64277
Tennessee,Hamilton County,361613
Tennessee,Hancock County,6600
Tennessee,Hardeman County,25447
Tennessee,Hardin County,25846
Tennessee,Hawkins County,56459
Tennessee,Haywood County,17573
Tennessee,Henderson County,27751
Tennessee,Henry County,32450
Tennessee,Hickman County,24864
Tennessee,Houston County,8213
Tennessee,Humphreys County,18484
Tennessee,Jackson County,11677
Tennessee,Jefferson County,53804
Tennessee,Johnson County,17691
Tennessee,Knox County,461860
Tennessee,Lake County,7468
Tennessee,Lauderdale County,25274
Tennessee,Lawrence County,43396
Tennessee,Lewis County,12035
Tennessee,Lincoln County,33751
Tennessee,Loudon County,52152
Tennessee,McMinn County,52877
Tennessee,McNairy County,26004
Tennessee,Macon County,24079
Tennessee,Madison County,97643
Tennessee,Marion County,28425
Tennessee,Marshall County,32931
Tennessee,Maury County,92163
Tennessee,Meigs County,12068
Tennessee,Monroe County,46240
Tennessee,Montgomery County,200182
Tennessee,Moore County,6384
Tennessee,Morgan County,21636
Tennessee,Obion County,30385
Tennessee,Overton County,22012
Tennessee,Perry County,7975
Tennessee,Pickett County,5073
Tennessee,Polk County,16757
Tennessee,Putnam County,77674
Tennessee,Rhea County,32691
Tennessee,Roane County,53036
Tennessee,Robertson County,70177
Tennessee,Rutherford County,317157
Tennessee,Scott County,21989
Tennessee,Sequatchie County,14736
Tennessee,Sevier County,97638
Tennessee,Shelby County,936961
Tennessee,Smith County,19636
Tennessee,Stewart County,13355
Tennessee,Sullivan County,157158
Tennessee,Sumner County,183545
Tennessee,Tipton County,61366
Tennessee,Trousdale County,10083
Tennessee,Unicoi County,17759
Tennessee,Union County,19442
Tennessee,Van Buren County,5742
Tennessee,Warren County,40651
Tennessee,Washington County,127806
Tennessee,Wayne County,16583
Tennessee,Weakley County,33337
Tennessee,White County,26753
Tennessee,Williamson County,226257
Tennessee,Wilson County,136442
Texas,Anderson County,57741
Texas,Andrews County,17722
Texas,Angelina County,87805
Texas,Aransas County,25572
Texas,Archer County,8809
Texas,Armstrong County,1879
Texas,Atascosa County,48981
Texas,Austin County,29786
Texas,Bailey County,7077
Texas,Bandera County,22351
Texas,Bastrop County,84761
Texas,Baylor County,3581
Texas,Bee County,32563
Texas,Bell County,347833
Texas,Bexar County,1958578
Texas,Blanco County,11626
Texas,Borden County,673
Texas,Bosque County,18326
Texas,Bowie County,94012
Texas,Brazoria County,362457
Texas,Brazos County,222830
Texas,Brewster County,9337
Texas,Briscoe County,1528
Texas,Brooks County,7235
Texas,Brown County,38053
Texas,Burleson County,18011
Texas,Burnet County,46804
Texas,Caldwell County,42338
Texas,Calhoun County,21744
Texas,Callahan County,13946
Texas,Cameron County,423725
Texas,Camp County,12855
Texas,Carson County,6032
Texas,Cass County,30012
Texas,Castro County,7843
Texas,Chambers County,41441
Texas,Cherokee County,52240
Texas,Childress County,7067
Texas,Clay County,10421
Texas,Cochran County,2851
Texas,Coke County,3306
Texas,Coleman County,8430
Texas,Collin County,969603
Texas,Collingsworth County,2987
Texas,Colorado County,21232
Texas,Comal County,141009
Texas,Comanche County,13573
Texas,Concho County,2717
Texas,Cooke County,39895
Texas,Coryell County,74913
Texas,Cottle County,1387
Texas,Crane County,4740
Texas,Crockett County,3564
Texas,Crosby County,5899
Texas,Culberson County,2231
Texas,Dallam County,7208
Texas,Dallas County,2618148
Texas,Dawson County,12813
Texas,Deaf Smith County,18836
Texas,Delta County,5298
Texas,Denton County,836210
Texas,DeWitt County,20226
Texas,Dickens County,2209
Texas,Dimmit County,10418
Texas,Donley County,3311
Texas,Duval County,11273
Texas,Eastland County,18411
Texas,Ector County,157087
Texas,Edwards County,1953
Texas,Ellis County,173620
Texas,El Paso County,840410
Texas,Erath County,41969
Texas,Falls County,17437
Texas,Fannin County,34446
Texas,Fayette County,25272
Texas,Fisher County,3880
Texas,Floyd County,5855
Texas,Foard County,1222
Texas,Fort Bend County,764828
Texas,Franklin County,10767
Texas,Freestone County,19625
Texas,Frio County,19600
Texas,Gaines County,20638
Texas,Galveston County,335036
Texas,Garza County,6528
Texas,Gillespie County,26646
Texas,Glasscock County,1348
Texas,Goliad County,7562
Texas,Gonzales County,20893
Texas,Gray County,22404
Texas,Grayson County,131140
Texas,Gregg County,123367
Texas,Grimes County,28082
Texas,Guadalupe County,159659
Texas,Hale County,34134
Texas,Hall County,3071
Texas,Hamilton County,8422
Texas,Hansford County,5447
Texas,Hardeman County,3994
Texas,Hardin County,57139
Texas,Harris County,4652980
Texas,Harrison County,66661
Texas,Hartley County,5691
Texas,Haskell County,5746
Texas,Hays County,214485
Texas,Hemphill County,4024
Texas,Henderson County,81064
Texas,Hidalgo County,860661
Texas,Hill County,35852
Texas,Hockley County,23088
Texas,Hood County,58273
Texas,Hopkins County,36496
Texas,Houston County,23021
Texas,Howard County,36040
Texas,Hudspeth County,4408
Texas,Hunt County,93872
Texas,Hutchinson County,21375
Texas,Irion County,1516
Texas,Jack County,8832
Texas,Jackson County,14805
Texas,Jasper County,35561
Texas,Jeff Davis County,2280
Texas,Jefferson County,256299
Texas,Jim Hogg County,5202
Texas,Jim Wells County,40871
Texas,Johnson County,167301
Texas,Jones County,19983
Texas,Karnes County,15187
Texas,Kaufman County,122883
Texas,Kendall County,44026
Texas,Kenedy County,417
Texas,Kent County,763
Texas,Kerr County,51720
Texas,Kimble County,4410
Texas,King County,296
Texas,Kinney County,3745
Texas,Kleberg County,31088
Texas,Knox County,3710
Texas,Lamar County,49587
Texas,Lamb County,13210
Texas,Lampasas County,21027
Texas,La Salle County,7584
Texas,Lavaca County,20062
Texas,Lee County,17183
Texas,Leon County,17243
Texas,Liberty County,83658
Texas,Limestone County,23527
Texas,Lipscomb County,3378
Texas,Live Oak County,12174
Texas,Llano County,21210
Texas,Loving County,134
Texas,Lubbock County,305225
Texas,Lynn County,5859
Texas,McCulloch County,7957
Texas,McLennan County,251259
Texas,McMullen County,778
Texas,Madison County,14222
Texas,Marion County,10064
Texas,Martin County,5626
Texas,Mason County,4222
Texas,Matagorda County,36840
Texas,Maverick County,58216
Texas,Medina County,50066
Texas,Menard County,2124
Texas,Midland County,165049
Texas,Milam County,25053
Texas,Mills County,4921
Texas,Mitchell County,8468
Texas,Montague County,19539
Texas,Montgomery County,570934
Texas,Moore County,22097
Texas,Morris County,12467
Texas,Motley County,1230
Texas,Nacogdoches County,65580
Texas,Navarro County,48701
Texas,Newton County,13952
Texas,Nolan County,14770
Texas,Nueces County,361221
Texas,Ochiltree County,10073
Texas,Oldham County,2114
Texas,Orange County,85047
Texas,Palo Pinto County,28570
Texas,Panola County,23243
Texas,Parker County,133463
Texas,Parmer County,9842
Texas,Pecos County,15634
Texas,Polk County,49162
Texas,Potter County,120458
Texas,Presidio County,7156
Texas,Rains County,11762
Texas,Randall County,134442
Texas,Reagan County,3710
Texas,Real County,3429
Texas,Red River County,12229
Texas,Reeves County,15281
Texas,Refugio County,7224
Texas,Roberts County,938
Texas,Robertson County,17203
Texas,Rockwall County,96788
Texas,Runnels County,10266
Texas,Rusk County,52833
Texas,Sabine County,10461
Texas,San Augustine County,8253
Texas,San Jacinto County,28270
Texas,San Patricio County,67215
Texas,San Saba County,5959
Texas,Schleicher County,3001
Texas,Scurry County,17050
Texas,Shackelford County,3328
Texas,Shelby County,25513
Texas,Sherman County,3067
Texas,Smith County,227727
Texas,Somervell County,8845
Texas,Starr County,64454
Texas,Stephens County,9337
Texas,Sterling County,1295
Texas,Stonewall County,1388
Texas,Sutton County,3767
Texas,Swisher County,7515
Texas,Tarrant County,2054475
Texas,Taylor County,136290
Texas,Terrell County,810
Texas,Terry County,12715
Texas,Throckmorton County,1527
Texas,Titus County,32904
Texas,Tom Green County,118019
Texas,Travis County,1226698
Texas,Trinity County,14667
Texas,Tyler County,21539
Texas,Upshur County,41281
Texas,Upton County,3663
Texas,Uvalde County,27132
Texas,Val Verde County,49205
Texas,Van Zandt County,55182
Texas,Victoria County,92084
Texas,Walker County,72245
Texas,Waller County,51307
Texas,Ward County,11472
Texas,Washington County,35043
Texas,Webb County,274794
Texas,Wharton County,41968
Texas,Wheeler County,5358
Texas,Wichita County,132000
Texas,Wilbarger County,12764
Texas,Willacy County,21584
Texas,Williamson County,547545
Texas,Wilson County,49304
Texas,Winkler County,7574
Texas,Wise County,66181
Texas,Wood County,44314
Texas,Yoakum County,8568
Texas,Young County,17979
Texas,Zapata County,14322
Texas,Zavala County,11948
Utah,Beaver County,6386
Utah,Box Elder County,54079
Utah,Cache County,124438
Utah,Carbon County,20295
Utah,Daggett County,1029
Utah,Davis County,347637
Utah,Duchesne County,20026
Utah,Emery County,10077
Utah,Garfield County,5078
Utah,Grand County,9674
Utah,Iron County,51001
Utah,Juab County,11250
Utah,Kane County,7567
Utah,Millard County,12863
Utah,Morgan County,11873
Utah,Piute County,1420
Utah,Rich County,2391
Utah,Salt Lake County,1135649
Utah,San Juan County,15356
Utah,Sanpete County,30035
Utah,Sevier County,21316
Utah,Summit County,41106
Utah,Tooele County,67456
Utah,Uintah County,35150
Utah,Utah County,606425
Utah,Wasatch County,32106
Utah,Washington County,165662
Utah,Wayne County,2719
Utah,Weber County,251769
Vermont,Addison County,36776
Vermont,Bennington County,35594
Vermont,Caledonia County,30164
Vermont,Chittenden County,162372
Vermont,Essex County,6230
Vermont,Franklin County,49025
Vermont,Grand Isle County,6998
Vermont,Lamoille County,25337
Vermont,Orange County,28974
Vermont,Orleans County,26841
Vermont,Rutland County,59087
Vermont,Washington County,58290
Vermont,Windham County,42869
Vermont,Windsor County,55100
Virginia,Accomack County,32545
Virginia,Albemarle County,107702
Virginia,Alleghany County,15122
Virginia,Amelia County,13020
Virginia,Amherst County,31594
Virginia,Appomattox County,15681
Virginia,Arlington County,234965
Virginia,Augusta County,75144
Virginia,Bath County,4297
Virginia,Bedford County,77974
Virginia,Bland County,6350
Virginia,Botetourt County,33192
Virginia,Brunswick County,16244
Virginia,Buchanan County,21514
Virginia,Buckingham County,17065
Virginia,Campbell County,55010
Virginia,Caroline County,30461
Virginia,Carroll County,29708
Virginia,Charles City County,7004
Virginia,Charlotte County,12119
Virginia,Chesterfield County,343599
Virginia,Clarke County,14508
Virginia,Craig County,5062
Virginia,Culpeper County,51282
Virginia,Cumberland County,9811
Virginia,Dickenson County,14782
Virginia,Dinwiddie County,28208
Virginia,Essex County,11028
Virginia,Fairfax County,1148433
Virginia,Fauquier County,69465
Virginia,Floyd County,15755
Virginia,Fluvanna County,26452
Virginia,Franklin County,56445
Virginia,Frederick County,86484
Virginia,Giles County,16837
Virginia,Gloucester County,37292
Virginia,Goochland County,22685
Virginia,Grayson County,15665
Virginia,Greene County,19612
Virginia,Greensville County,11679
Virginia,Halifax County,34563
Virginia,Hanover County,105923
Virginia,Henrico County,327898
Virginia,Henry County,51227
Virginia,Highland County,2212
Virginia,Isle of Wight County,36552
Virginia,James City County,75524
Virginia,King and Queen County,7003
Virginia,King George County,26337
Virginia,King William County,16708
Virginia,Lancaster County,10788
Virginia,Lee County,23758
Virginia,Loudoun County,398080
Virginia,Louisa County,35860
Virginia,Lunenburg County,12235
Virginia,Madison County,13277
Virginia,Mathews County,8779
Virginia,Mecklenburg County,30686
Virginia,Middlesex County,10679
Virginia,Montgomery County,98559
Virginia,Nelson County,14943
Virginia,New Kent County,21682
Virginia,Northampton County,11846
Virginia,Northumberland County,12275
Virginia,Nottoway County,15434
Virginia,Orange County,36073
Virginia,Page County,23731
Virginia,Patrick County,17665
Virginia,Pittsylvania County,61258
Virginia,Powhatan County,28601
Virginia,Prince Edward County,22703
Virginia,Prince George County,37809
Virginia,Prince William County,463023
Virginia,Pulaski County,34184
Virginia,Rappahannock County,7321
Virginia,Richmond County,8939
Virginia,Roanoke County,93730
Virginia,Rockbridge County,22659
Virginia,Rockingham County,80227
Virginia,Russell County,27048
Virginia,Scott County,21865
Virginia,Shenandoah County,43225
Virginia,Smyth County,30656
Virginia,Southampton County,17750
Virginia,Spotsylvania County,133033
Virginia,Stafford County,146649
Virginia,Surry County,6540
Virginia,Sussex County,11373
Virginia,Tazewell County,41095
Virginia,Warren County,39563
Virginia,Washington County,54387
Virginia,Westmoreland County,17780
Virginia,Wise County,38586
Virginia,Wythe County,28882
Virginia,York County,67739
Virginia,Alexandria city,160035
Virginia,Bristol city,16790
Virginia,Buena Vista city,6327
Virginia,Charlottesville city,48019
Virginia,Chesapeake city,240397
Virginia,Colonial Heights city,17830
Virginia,Covington city,5531
Virginia,Danville city,41130
Virginia,Emporia city,5282
Virginia,Fairfax city,24097
Virginia,Falls Church city,14583
Virginia,Franklin city,8176
Virginia,Fredericksburg city,28360
Virginia,Galax city,6625
Virginia,Hampton city,134669
Virginia,Harrisonburg city,54215
Virginia,Hopewell city,22621
Virginia,Lexington city,7106
Virginia,Lynchburg city,80995
Virginia,Manassas city,41501
Virginia,Manassas Park city,16591
Virginia,Martinsville city,13142
Virginia,Newport News city,179388
Virginia,Norfolk city,244703
Virginia,Norton city,3936
Virginia,Petersburg city,31750
Virginia,Poquoson city,12053
Virginia,Portsmouth city,94572
Virginia,Radford city,17658
Virginia,Richmond city,227032
Virginia,Roanoke city,99837
Virginia,Salem city,25862
Virginia,Staunton city,24528
Virginia,Suffolk city,90237
Virginia,Virginia Beach city,450435
Virginia,Waynesboro city,22327
Virginia,Williamsburg city,15031
Virginia,Winchester city,27932
Washington,Adams County,19506
Washington,Asotin County,22535
Washington,Benton County,198171
Washington,Chelan County,76533
Washington,Clallam County,75474
Washington,Clark County,474643
Washington,Columbia County,4047
Washington,Cowlitz County,106910
Washington,Douglas County,41945
Washington,Ferry County,7594
Washington,Franklin County,92125
Washington,Garfield County,2210
Washington,Grant County,95158
Washington,Grays Harbor County,72697
Washington,Island County,83159
Washington,Jefferson County,31234
Washington,King County,2188649
Washington,Kitsap County,266414
Washington,Kittitas County,46205
Washington,Klickitat County,21811
Washington,Lewis County,78200
Washington,Lincoln County,10579
Washington,Mason County,63710
Washington,Okanogan County,41742
Washington,Pacific County,21626
Washington,Pend Oreille County,13354
Washington,Pierce County,876764
Washington,San Juan County,16715
Washington,Skagit County,125619
Washington,Skamania County,11837
Washington,Snohomish County,801633
Washington,Spokane County,506152
Washington,Stevens County,44730
Washington,Thurston County,280588
Washington,Wahkiakum County,4264
Washington,Walla Walla County,60567
Washington,Whatcom County,221404
Washington,Whitman County,49046
Washington,Yakima County,250193
West Virginia,Barbour County,16497
West Virginia,Berkeley County,114920
West Virginia,Boone County,22349
West Virginia,Braxton County,14237
West Virginia,Brooke County,22443
West Virginia,Cabell County,94958
West Virginia,Calhoun County,7307
West Virginia,Clay County,8764
West Virginia,Doddridge County,8560
West Virginia,Fayette County,43521
West Virginia,Gilmer County,8005
West Virginia,Grant County,11670
West Virginia,Greenbrier County,35287
West Virginia,Hampshire County,23471
West Virginia,Hancock County,29448
West Virginia,Hardy County,13717
West Virginia,Harrison County,67811
West Virginia,Jackson County,28976
West Virginia,Jefferson County,56338
West Virginia,Kanawha County,183293
West Virginia,Lewis County,16226
West Virginia,Lincoln County,20825
West Virginia,Logan County,32925
West Virginia,McDowell County,18456
West Virginia,Marion County,56337
West Virginia,Marshall County,31190
West Virginia,Mason County,26801
West Virginia,Mercer County,59753
West Virginia,Mineral County,27222
West Virginia,Mingo County,24127
West Virginia,Monongalia County,105030
West Virginia,Monroe County,13402
West Virginia,Morgan County,17686
West Virginia,Nicholas County,25043
West Virginia,Ohio County,42035
West Virginia,Pendleton County,6996
West Virginia,Pleasants County,7512
West Virginia,Pocahontas County,8456
West Virginia,Preston County,33679
West Virginia,Putnam County,56792
West Virginia,Raleigh County,75022
West Virginia,Randolph County,28785
West Virginia,Ritchie County,9774
West Virginia,Roane County,14043
West Virginia,Summers County,12993
West Virginia,Taylor County,16930
West Virginia,Tucker County,6915
West Virginia,Tyler County,8795
West Virginia,Upshur County,24465
West Virginia,Wayne County,40153
West Virginia,Webster County,8372
West Virginia,Wetzel County,15437
West Virginia,Wirt County,5794
West Virginia,Wood County,85104
West Virginia,Wyoming County,21210
Wisconsin,Adams County,19973
Wisconsin,Ashland County,15500
Wisconsin,Barron County,45251
Wisconsin,Bayfield County,15008
Wisconsin,Brown County,262052
Wisconsin,Buffalo County,13167
Wisconsin,Burnett County,15352
Wisconsin,Calumet County,50067
Wisconsin,Chippewa County,63813
Wisconsin,Clark County,34679
Wisconsin,Columbia County,57248
Wisconsin,Crawford County,16214
Wisconsin,Dane County,536416
Wisconsin,Dodge County,87786
Wisconsin,Door County,27483
Wisconsin,Douglas County,43284
Wisconsin,Dunn County,44693
Wisconsin,Eau Claire County,103671
Wisconsin,Florence County,4371
Wisconsin,Fond du Lac County,102548
Wisconsin,Forest County,8970
Wisconsin,Grant County,51999
Wisconsin,Green County,36851
Wisconsin,Green Lake County,18760
Wisconsin,Iowa County,23715
Wisconsin,Iron County,5671
Wisconsin,Jackson County,20529
Wisconsin,Jefferson County,84832
Wisconsin,Juneau County,26576
Wisconsin,Kenosha County,168521
Wisconsin,Kewaunee County,20445
Wisconsin,La Crosse County,118274
Wisconsin,Lafayette County,16741
Wisconsin,Langlade County,19160
Wisconsin,Lincoln County,27838
Wisconsin,Manitowoc County,79175
Wisconsin,Marathon County,135732
Wisconsin,Marinette County,40310
Wisconsin,Marquette County,15308
Wisconsin,Menominee County,4615
Wisconsin,Milwaukee County,952085
Wisconsin,Monroe County,45625
Wisconsin,Oconto County,37553
Wisconsin,Oneida County,35254
Wisconsin,Outagamie County,186059
Wisconsin,Ozaukee County,88429
Wisconsin,Pepin County,7254
Wisconsin,Pierce County,41901
Wisconsin,Polk County,43450
Wisconsin,Portage County,70474
Wisconsin,Price County,13442
Wisconsin,Racine County,196071
Wisconsin,Richland County,17516
Wisconsin,Rock County,162309
Wisconsin,Rusk County,14151
Wisconsin,St. Croix County,88703
Wisconsin,Sauk County,63981
Wisconsin,Sawyer County,16418
Wisconsin,Shawano County,40935
Wisconsin,Sheboygan County,115344
Wisconsin,Taylor County,20321
Wisconsin,Trempealeau County,29472
Wisconsin,Vernon County,30759
Wisconsin,Vilas County,21683
Wisconsin,Walworth County,103082
Wisconsin,Washburn County,15758
Wisconsin,Washington County,135101
Wisconsin,Waukesha County,400621
Wisconsin,Waupaca County,51225
Wisconsin,Waushara County,24369
Wisconsin,Winnebago County,170414
Wisconsin,Wood County,73126
Wyoming,Albany County,38332
Wyoming,Big Horn County,11906
Wyoming,Campbell County,46242
Wyoming,Carbon County,15303
Wyoming,Converse County,13809
Wyoming,Crook County,7410
Wyoming,Fremont County,39803
Wyoming,Goshen County,13378
Wyoming,Hot Springs County,4696
Wyoming,Johnson County,8476
Wyoming,Laramie County,98327
Wyoming,Lincoln County,19265
Wyoming,Natrona County,79547
Wyoming,Niobrara County,2397
Wyoming,Park County,29568
Wyoming,Platte County,8562
Wyoming,Sheridan County,30210
Wyoming,Sublette County,9799
Wyoming,Sweetwater County,43534
Wyoming,Teton County,23265
Wyoming,Uinta County,20495
Wyoming,Washakie County,8064
Wyoming,Weston County,6927
